a,b,theta,E,E_p,E_t
6.025413382750805,6.139576008729552,10.0,6.3926,19.1143,-7.959
6.2223749333532465,6.1743056442629385,10.0,-9.4754,16.2071,-10.4724
6.419336483955688,6.209035279796324,10.0,-19.9362,13.5991,-11.7836
6.616298034558129,6.24376491532971,10.0,-26.542,11.2632,-12.2671
6.813259585160571,6.278494550863096,10.0,-30.4566,9.1781,-12.2032
7.010221135763013,6.313224186396482,10.0,-32.5762,7.3181,-11.8031
7.207182686365454,6.347953821929869,10.0,-33.4666,5.6689,-11.2011
7.404144236967896,6.382683457463255,10.0,-33.5168,4.209,-10.4837
7.601105787570337,6.41741309299664,10.0,-33.05,2.926,-9.7255
7.798067338172779,6.452142728530027,10.0,-32.2486,1.8029,-8.9636
7.995028888775221,6.486872364063412,10.0,-31.2002,0.8259,-8.213
5.990683747217418,6.336537559331994,10.0,-19.7456,6.1894,-8.0311
6.18764529781986,6.37126719486538,10.0,-32.433,4.6693,-10.4429
6.384606848422302,6.405996830398766,10.0,-40.116,3.3286,-11.6933
6.581568399024743,6.440726465932152,10.0,-44.2814,2.1541,-12.1474
6.778529949627185,6.475456101465538,10.0,-46.0246,1.1319,-12.0721
6.9754915002296265,6.510185736998924,10.0,-46.1902,0.2477,-11.6714
7.172453050832067,6.54491537253231,10.0,-45.3212,-0.513,-11.0738
7.369414601434509,6.579645008065697,10.0,-43.787,-1.1595,-10.367
7.566376152036951,6.614374643599082,10.0,-41.8958,-1.7063,-9.6208
7.763337702639393,6.649104279132469,10.0,-39.809,-2.1653,-8.8696
7.960299253241835,6.683833914665854,10.0,-37.6092,-2.5454,-8.1296
5.955954111684032,6.533499109934436,10.0,-32.8782,-0.2753,-8.0819
6.152915662286474,6.568228745467822,10.0,-43.54,-0.9594,-10.4053
6.349877212888916,6.602958381001208,10.0,-49.48,-1.5376,-11.6012
6.5468387634913565,6.637688016534594,10.0,-52.1488,-2.0242,-12.0251
6.743800314093798,6.672417652067979,10.0,-52.6102,-2.4281,-11.9385
6.94076186469624,6.707147287601366,10.0,-51.6658,-2.7623,-11.5353
7.137723415298681,6.741876923134752,10.0,-49.8386,-3.0351,-10.9421
7.334684965901123,6.7766065586681385,10.0,-47.4872,-3.254,-10.2448
7.531646516503565,6.811336194201524,10.0,-44.8994,-3.4289,-9.5104
7.7286080671060065,6.84606582973491,10.0,-42.2072,-3.5638,-8.7699
7.925569617708448,6.880795465268296,10.0,-39.4968,-3.666,-8.0412
5.9212244761506465,6.730460660536877,10.0,-38.3818,-2.9517,-8.1196
6.118186026753088,6.765190296070263,10.0,-47.827,-3.1869,-10.3633
6.31514757735553,6.7999199316036485,10.0,-52.7862,-3.3763,-11.5084
6.512109127957971,6.834649567137035,10.0,-54.6632,-3.5236,-11.904
6.709070678560413,6.869379202670421,10.0,-54.489,-3.6359,-11.8043
6.906032229162855,6.904108838203807,10.0,-53.0228,-3.718,-11.3967
7.102993779765296,6.938838473737193,10.0,-50.7778,-3.7757,-10.8066
7.299955330367737,6.9735681092705795,10.0,-48.094,-3.8096,-10.1187
7.496916880970179,7.008297744803965,10.0,-45.2284,-3.824,-9.3951
7.693878431572621,7.043027380337351,10.0,-42.2998,-3.8209,-8.6645
7.890839982175063,7.077757015870738,10.0,-39.405,-3.8033,-7.9496
5.88649484061726,6.927422211139318,10.0,-40.12,-3.7594,-8.1503
6.083456391219702,6.962151846672705,10.0,-48.8804,-3.8002,-10.32
6.280417941822144,6.99688148220609,10.0,-53.3126,-3.8215,-11.4174
6.477379492424585,7.031611117739477,10.0,-54.7864,-3.8246,-11.7843
6.6743410430270265,7.066340753272863,10.0,-54.2984,-3.8102,-11.6695
6.871302593629468,7.1010703888062485,10.0,-52.5916,-3.782,-11.2569
7.068264144231909,7.135800024339635,10.0,-50.1522,-3.7387,-10.6687
7.265225694834351,7.170529659873021,10.0,-47.3264,-3.6842,-9.9895
7.462187245436793,7.205259295406407,10.0,-44.3342,-3.6177,-9.2747
7.659148796039235,7.239988930939793,10.0,-41.3052,-3.5418,-8.5554
7.856110346641676,7.2747185664731795,10.0,-38.3276,-3.4578,-7.853
5.851765205083874,7.12438376174176,10.0,-40.2452,-3.7544,-8.1841
6.048726755686316,7.159113397275147,10.0,-48.5304,-3.7042,-10.2805
6.245688306288757,7.193843032808532,10.0,-52.6014,-3.6415,-11.3296
6.442649856891198,7.2285726683419185,10.0,-53.803,-3.5675,-11.667
6.63961140749364,7.263302303875305,10.0,-53.1132,-3.486,-11.5353
6.836572958096082,7.29803193940869,10.0,-51.2546,-3.3969,-11.1152
7.033534508698523,7.332761574942077,10.0,-48.7198,-3.3023,-10.5288
7.230496059300965,7.367491210475463,10.0,-45.8328,-3.2032,-9.8566
7.427457609903406,7.4022208460088486,10.0,-42.8028,-3.1016,-9.1499
7.624419160505848,7.436950481542235,10.0,-39.7638,-2.9981,-8.4419
7.82138071110829,7.471680117075621,10.0,-36.799,-2.8953,-7.7521
5.817035569550487,7.321345312344202,10.0,-39.5944,-3.3336,-8.2318
6.013997120152929,7.356074947877588,10.0,-47.4696,-3.2364,-10.2492
6.210958670755371,7.390804583410974,10.0,-51.2608,-3.1354,-11.2475
6.407920221357813,7.42553421894436,10.0,-52.274,-3.0326,-11.5522
6.604881771960255,7.460263854477747,10.0,-51.464,-2.9298,-11.4011
6.801843322562696,7.494993490011132,10.0,-49.5402,-2.8257,-10.9722
6.998804873165136,7.5297231255445185,10.0,-46.9978,-2.7247,-10.3871
7.195766423767578,7.564452761077905,10.0,-44.1294,-2.6237,-9.7205
7.39272797437002,7.59918239661129,10.0,-41.142,-2.5272,-9.0219
7.589689524972462,7.633912032144677,10.0,-38.1598,-2.4331,-8.3234
7.786651075574904,7.668641667678063,10.0,-35.2674,-2.3403,-7.6467
5.782305934017102,7.518306862946644,10.0,-38.7266,-2.7579,-8.3027
5.979267484619544,7.55303649848003,10.0,-46.244,-2.6576,-10.2322
6.1762290352219855,7.587766134013416,10.0,-49.8134,-2.5585,-11.1741
6.373190585824426,7.622495769546802,10.0,-50.684,-2.4632,-11.4394
6.570152136426868,7.6572254050801885,10.0,-49.806,-2.3704,-11.2663
6.76711368702931,7.691955040613574,10.0,-47.8746,-2.2801,-10.8286
6.964075237631751,7.72668467614696,10.0,-45.3564,-2.1936,-10.2423
7.161036788234193,7.761414311680347,10.0,-42.538,-2.1102,-9.5794
7.357998338836635,7.796143947213732,10.0,-39.6108,-2.0286,-8.8884
7.554959889439076,7.8308735827471185,10.0,-36.7024,-1.9502,-8.2005
7.751921440041518,7.865603218280505,10.0,-33.8892,-1.8756,-7.5345
5.747576298483716,7.715268413549085,10.0,-38.0556,-2.2218,-8.403
5.944537849086158,7.749998049082471,10.0,-45.2006,-2.1371,-10.2316
6.1414993996886,7.784727684615857,10.0,-48.538,-2.055,-11.107
6.33846095029104,7.819457320149243,10.0,-49.2742,-1.9753,-11.3309
6.535422500893482,7.8541869556826285,10.0,-48.3374,-1.9007,-11.134
6.732384051495924,7.888916591216015,10.0,-46.3882,-1.8267,-10.6837
6.9293456020983655,7.923646226749401,10.0,-43.8902,-1.7565,-10.0943
7.126307152700807,7.958375862282788,10.0,-41.1196,-1.6894,-9.4352
7.323268703303249,7.993105497816173,10.0,-38.2538,-1.6235,-8.7517
7.520230253905691,8.027835133349559,10.0,-35.4092,-1.5596,-8.0725
7.717191804508133,8.062564768882945,10.0,-32.665,-1.4981,-7.4172
5.71284666295033,7.912229964151527,10.0,-37.7006,-1.7797,-8.5353
5.909808213552772,7.946959599684913,10.0,-44.4194,-1.7113,-10.2492
6.106769764155214,7.981689235218298,10.0,-47.4846,-1.6449,-11.0487
6.303731314757655,8.016418870751684,10.0,-48.059,-1.5809,-11.2243
6.500692865360096,8.05114850628507,10.0,-47.0344,-1.5188,-10.9992
6.697654415962538,8.085878141818457,10.0,-45.0628,-1.4586,-10.5364
6.894615966564979,8.120607777351843,10.0,-42.578,-1.4028,-9.9431
7.091577517167421,8.15533741288523,10.0,-39.8388,-1.3476,-9.2859
7.288539067769863,8.190067048418616,10.0,-37.027,-1.2949,-8.6093
7.4855006183723045,8.224796683952,10.0,-34.2492,-1.2454,-7.9396
7.682462168974746,8.259526319485387,10.0,-31.569,-1.1971,-7.2937
5.678117027416944,8.109191514753968,10.0,-37.6378,-1.4197,-8.6996
5.8750785780193855,8.143921150287355,10.0,-43.8624,-1.3652,-10.283
6.072040128621827,8.178650785820741,10.0,-46.613,-1.3119,-10.9973
6.269001679224268,8.213380421354126,10.0,-46.9966,-1.2617,-11.1183
6.46596322982671,8.248110056887512,10.0,-45.8768,-1.2122,-10.8631
6.662924780429152,8.282839692420898,10.0,-43.8686,-1.1651,-10.3846
6.859886331031593,8.317569327954285,10.0,-41.3778,-1.1187,-9.7851
7.0568478816340345,8.352298963487671,10.0,-38.6754,-1.0755,-9.1311
7.253809432236476,8.387028599021058,10.0,-35.911,-1.0341,-8.4607
7.450770982838918,8.421758234554442,10.0,-33.1908,-0.9946,-7.8004
7.64773253344136,8.456487870087829,10.0,-30.5746,-0.9557,-7.1658
6.333500241035242,4.181719107831913,15.0,1947.5752,967.8704,2.9586
6.526685406293056,4.2334829168524175,15.0,1795.8094,906.6401,-4.3677
6.719870571550869,4.285246725872922,15.0,1662.972,849.3718,-8.9429
6.9130557368086825,4.337010534893426,15.0,1544.3554,795.2195,-11.5209
7.106240902066497,4.38877434391393,15.0,1436.1308,743.4814,-12.708
7.29942606732431,4.440538152934434,15.0,1335.3464,693.6046,-12.9657
7.492611232582124,4.492301961954938,15.0,1239.7012,645.1838,-12.6666
7.685796397839937,4.544065770975442,15.0,1147.681,597.9771,-12.0683
7.878981563097753,4.5958295799959465,15.0,1058.5764,551.8998,-11.3058
8.072166728355565,4.647593389016451,15.0,972.1846,507.0309,-10.4693
8.265351893613378,4.699357198036955,15.0,888.614,463.5636,-9.6283
6.281736432014738,4.374904273089728,15.0,1523.5936,757.1426,2.3271
6.474921597272552,4.426668082110231,15.0,1394.265,706.8123,-4.8399
6.668106762530365,4.478431891130736,15.0,1278.8606,658.0323,-9.301
6.861291927788178,4.530195700151239,15.0,1173.8856,610.5152,-11.7862
7.054477093045993,4.581959509171744,15.0,1076.6466,564.1331,-12.9049
7.247662258303806,4.6337233181922475,15.0,985.375,518.9249,-13.1187
7.44084742356162,4.6854871272127525,15.0,898.9696,475.0588,-12.787
7.634032588819433,4.737250936233256,15.0,816.8786,432.7703,-12.1655
7.827217754077249,4.789014745253761,15.0,738.9438,392.2603,-11.3942
8.020402919335062,4.840778554274264,15.0,665.0728,353.6404,-10.552
8.213588084592875,4.892542363294769,15.0,595.2626,317.0359,-9.7023
6.229972622994234,4.56808943834754,15.0,1159.5668,576.451,1.6662
6.423157788252047,4.619853247368045,15.0,1040.5926,530.9155,-5.3096
6.616342953509861,4.671617056388548,15.0,934.799,486.6687,-9.6346
6.809528118767674,4.723380865409053,15.0,839.79,443.9338,-12.0194
7.002713284025488,4.775144674429557,15.0,753.604,402.9328,-13.0654
7.195898449283302,4.826908483450062,15.0,674.6568,363.7992,-13.2354
7.389083614541116,4.878672292470565,15.0,601.754,326.6304,-12.8767
7.5822687797989285,4.93043610149107,15.0,534.456,291.7034,-12.2377
7.775453945056745,4.982199910511573,15.0,472.8908,259.3606,-11.4576
7.968639110314557,5.033963719532078,15.0,416.9894,229.7205,-10.6129
8.16182427557237,5.085727528552582,15.0,366.367,202.7011,-9.7588
6.17820881397373,4.761274603605354,15.0,831.4808,413.74,1.0002
6.371393979231543,4.8130384126258585,15.0,725.1614,374.0979,-5.7586
6.564579144489357,4.864802221646363,15.0,633.0332,336.3854,-9.9344
6.75776430974717,4.916566030666867,15.0,552.7908,300.8206,-12.2126
6.950949475004984,4.968329839687371,15.0,482.7778,267.7617,-13.1864
7.144134640262798,5.020093648707875,15.0,421.545,237.3999,-13.3137
7.337319805520612,5.071857457728379,15.0,367.6462,209.6919,-12.9344
7.530504970778424,5.123621266748883,15.0,319.8672,184.4992,-12.2828
7.72369013603624,5.1753850757693876,15.0,277.3528,161.6706,-11.4971
7.916875301294053,5.227148884789892,15.0,239.5042,141.0569,-10.6524
8.110060466551865,5.278912693810396,15.0,205.8372,122.5164,-9.7989
6.126445004953226,4.954459768863169,15.0,554.148,276.3566,0.3587
6.319630170211039,5.006223577883672,15.0,465.8486,245.2705,-6.1731
6.5128153354688525,5.057987386904177,15.0,392.967,216.8627,-10.1896
6.706000500726666,5.10975119592468,15.0,332.577,191.0109,-12.3612
6.89918566598448,5.161515004945185,15.0,282.0676,167.5634,-13.2648
7.0923708312422935,5.2132788139656885,15.0,239.325,146.3715,-13.3545
7.285555996500108,5.2650426229861935,15.0,202.7456,127.2892,-12.9582
7.47874116175792,5.316806432006697,15.0,171.144,110.174,-12.301
7.671926327015736,5.368570241027202,15.0,143.714,94.885,-11.514
7.865111492273549,5.420334050047705,15.0,119.877,81.2809,-10.6712
8.058296657531361,5.47209785906821,15.0,99.173,69.2269,-9.8202
6.074681195932722,5.147644934120981,15.0,346.3192,173.6186,-0.2295
6.267866361190535,5.199408743141486,15.0,277.5438,151.8379,-6.533
6.461051526448348,5.251172552161989,15.0,222.849,132.2037,-10.3896
6.654236691706162,5.3029363611824945,15.0,179.3226,114.5743,-12.4565
6.847421856963976,5.354700170202998,15.0,144.425,98.8099,-13.2987
7.040607022221789,5.406463979223503,15.0,116.1082,84.7681,-13.357
7.233792187479604,5.458227788244006,15.0,92.8206,72.3129,-12.9513
7.426977352737416,5.509991597264511,15.0,73.446,61.3074,-12.2922
7.620162517995232,5.561755406285014,15.0,57.2066,51.6201,-11.5084
7.813347683253045,5.613519215305519,15.0,43.564,43.1206,-10.6693
8.006532848510858,5.665283024326023,15.0,32.0818,35.6877,-9.8234
6.0229173869122175,5.340830099378795,15.0,202.7832,102.859,-0.7337
6.216102552170031,5.3925939083992995,15.0,149.4618,88.3701,-6.8196
6.409287717427844,5.444357717419804,15.0,108.9066,75.5035,-10.5251
6.602472882685658,5.496121526440308,15.0,78.252,64.1218,-12.4979
6.795658047943472,5.547885335460812,15.0,55.036,54.094,-13.288
6.988843213201285,5.599649144481316,15.0,37.2844,45.2884,-13.3231
7.1820283784590995,5.65141295350182,15.0,23.5134,37.5815,-12.9124
7.375213543716912,5.703176762522324,15.0,12.6784,30.8572,-12.259
7.568398708974728,5.754940571542829,15.0,4.0926,25.0065,-11.4801
7.7615838742325405,5.806704380563333,15.0,-2.7328,19.932,-10.6492
7.954769039490353,5.858468189583837,15.0,-8.1572,15.543,-9.8108
5.971153577891713,5.534015264636609,15.0,108.8026,56.6551,-1.1269
6.164338743149527,5.585779073657113,15.0,67.0046,47.5353,-7.0165
6.35752390840734,5.637542882677617,15.0,36.7398,39.5455,-10.5878
6.550709073665153,5.689306691698121,15.0,15.2094,32.5679,-12.4816
6.743894238922968,5.741070500718625,15.0,0.0626,26.4945,-13.2316
6.937079404180781,5.7928343097391295,15.0,-10.5754,21.2207,-13.2542
7.130264569438595,5.844598118759634,15.0,-18.07,16.6568,-12.8459
7.323449734696408,5.896361927780138,15.0,-23.3614,12.7193,-12.2
7.516634899954224,5.948125736800642,15.0,-27.0576,9.3336,-11.4312
7.709820065212036,5.999889545821146,15.0,-29.5736,6.4352,-10.611
7.903005230469849,6.05165335484165,15.0,-31.2002,3.9663,-9.7832
5.919389768871209,5.727200429894422,15.0,50.531,28.0397,-1.3871
6.1125749341290225,5.778964238914927,15.0,16.6868,22.5608,-7.1087
6.305760099386836,5.83072804793543,15.0,-6.656,17.815,-10.5715
6.498945264644649,5.8824918569559355,15.0,-22.1876,13.7176,-12.4057
6.6921304299024635,5.934255665976439,15.0,-32.1508,10.1908,-13.1331
6.885315595160277,5.986019474996944,15.0,-38.2714,7.1683,-13.152
7.078500760418091,6.037783284017447,15.0,-41.8384,4.5884,-12.7538
7.271685925675904,6.089547093037952,15.0,-43.6832,2.403,-12.1223
7.46487109093372,6.141310902058455,15.0,-44.325,0.5669,-11.3647
7.658056256191532,6.19307471107896,15.0,-44.1446,-0.9569,-10.5577
7.851241421449345,6.244838520099464,15.0,-43.3684,-2.203,-9.7406
5.867625959850705,5.920385595152236,15.0,16.17,11.0838,-1.4994
6.060811125108518,5.9721494041727405,15.0,-12.494,7.9314,-7.0892
6.253996290366332,6.023913213193245,15.0,-31.421,5.2393,-10.4749
6.447181455624145,6.075677022213749,15.0,-43.1954,2.9517,-12.2747
6.640366620881959,6.127440831234253,15.0,-49.9278,1.0265,-12.9952
6.833551786139773,6.179204640254757,15.0,-53.2462,-0.5775,-13.0228
7.026736951397587,6.230968449275261,15.0,-54.3496,-1.8944,-12.6402
7.2199221166553995,6.282732258295765,15.0,-54.0086,-2.9567,-12.0238
7.4131072819132156,6.33449606731627,15.0,-52.7156,-3.7926,-11.2826
7.606292447171028,6.386259876336774,15.0,-50.8246,-4.4323,-10.49
7.7994776124288405,6.438023685357278,15.0,-48.5506,-4.9057,-9.6848
5.815862150830201,6.113570760410051,15.0,-2.8296,1.51,-1.4624
6.009047316088014,6.165334569430555,15.0,-28.1878,-0.1775,-6.9582
6.202232481345828,6.217098378451059,15.0,-44.3416,-1.5684,-10.3012
6.395417646603641,6.268862187471563,15.0,-53.758,-2.6946,-12.0922
6.588602811861455,6.320625996492067,15.0,-58.4684,-3.5888,-12.8227
6.781787977119269,6.372389805512571,15.0,-60.0388,-4.2786,-12.8704
6.974973142377083,6.4241536145330755,15.0,-59.6198,-4.7941,-12.5079
7.168158307634895,6.47591742355358,15.0,-57.9668,-5.1616,-11.9109
7.361343472892711,6.527681232574084,15.0,-55.564,-5.4074,-11.1873
7.554528638150524,6.579445041594588,15.0,-52.7508,-5.5548,-10.4103
7.747713803408336,6.631208850615092,15.0,-49.7168,-5.6244,-9.617
5.764098341809697,6.306755925667863,15.0,-11.8932,-3.3706,-1.288
5.95728350706751,6.358519734688367,15.0,-35.1284,-4.1118,-6.7262
6.1504686723253235,6.410283543708871,15.0,-49.5804,-4.6706,-10.0598
6.343653837583137,6.462047352729376,15.0,-57.6132,-5.075,-11.8658
6.536839002840951,6.51381116174988,15.0,-61.194,-5.3516,-12.6227
6.7300241680987645,6.565574970770384,15.0,-61.8412,-5.5234,-12.6986
6.923209333356579,6.617338779790888,15.0,-60.6734,-5.6131,-12.3618
7.116394498614391,6.669102588811392,15.0,-58.4096,-5.6338,-11.7855
7.309579663872207,6.720866397831896,15.0,-55.5324,-5.6024,-11.0819
7.50276482913002,6.7726302068524005,15.0,-52.333,-5.5265,-10.32
7.695949994387832,6.824394015872905,15.0,-48.9908,-5.4168,-9.5393
5.712334532789193,6.499941090925677,15.0,-14.5798,-5.2895,-1.0002
5.905519698047006,6.5517048999461815,15.0,-36.6284,-5.4864,-6.4139
6.098704863304819,6.603468708966686,15.0,-50.2522,-5.5961,-9.765
6.291890028562633,6.65523251798719,15.0,-57.6948,-5.6338,-11.6068
6.485075193820447,6.706996327007694,15.0,-60.844,-5.6156,-12.4032
6.67826035907826,6.758760136028198,15.0,-61.1588,-5.551,-12.5142
6.871445524336075,6.810523945048702,15.0,-59.7204,-5.4488,-12.2057
7.064630689593887,6.862287754069206,15.0,-57.2406,-5.3177,-11.6513
7.257815854851703,6.914051563089711,15.0,-54.1906,-5.1609,-10.9672
7.451001020109516,6.965815372110215,15.0,-50.8544,-4.9854,-10.2209
7.644186185367328,7.017579181130719,15.0,-47.403,-4.7947,-9.4534
5.660570723768688,6.693126256183491,15.0,-13.7996,-5.6256,-0.6371
5.853755889026502,6.744890065203995,15.0,-35.3442,-5.5717,-6.0502
6.046941054284315,6.796653874224499,15.0,-48.711,-5.4801,-9.4377
6.2401262195421285,6.848417683245003,15.0,-56.0254,-5.3547,-11.329
6.433311384799943,6.900181492265507,15.0,-59.0982,-5.2055,-12.1718
6.626496550057756,6.9519453012860115,15.0,-59.354,-5.0336,-12.3217
6.81968171531557,7.003709110306516,15.0,-57.8628,-4.8474,-12.042
7.012866880573383,7.05547291932702,15.0,-55.3434,-4.6499,-11.5109
7.206052045831199,7.107236728347524,15.0,-52.2742,-4.4461,-10.8455
7.3992372110890114,7.159000537368028,15.0,-48.9392,-4.241,-10.1143
7.592422376346824,7.210764346388532,15.0,-45.5156,-4.0366,-9.3606
6.457623631321566,4.478738330846899,20.0,645.185,308.8317,6.8804
6.645562155478748,4.547142359512033,20.0,533.484,269.6078,-1.4329
6.83350067963593,4.615546388177167,20.0,439.6176,233.5746,-6.8829
7.02143920379311,4.6839504168423005,20.0,361.0318,200.9415,-10.2128
7.209377727950294,4.752354445507434,20.0,295.3278,171.6727,-12.0044
7.397316252107474,4.8207584741725675,20.0,240.2618,145.5695,-12.7193
7.585254776264658,4.889162502837702,20.0,193.9198,122.4173,-12.7287
7.7731933004218385,4.957566531502835,20.0,154.8336,102.015,-12.2991
7.961131824579019,5.025970560167969,20.0,121.8458,84.1667,-11.6219
8.149070348736203,5.094374588833103,20.0,94.0044,68.6682,-10.833
8.337008872893383,5.162778617498237,20.0,70.5928,55.3156,-10.0096
6.389219602656432,4.666676855004081,20.0,440.6282,208.8585,5.7278
6.577158126813615,4.735080883669214,20.0,348.2784,178.757,-2.3089
6.765096650970796,4.803484912334349,20.0,273.5414,151.8761,-7.5527
6.953035175127977,4.871888940999482,20.0,213.1014,127.9959,-10.7226
7.14097369928516,4.9402929696646165,20.0,164.2748,106.9188,-12.3907
7.32891222344234,5.00869699832975,20.0,124.8522,88.4441,-13.009
7.516850747599524,5.0771010269948835,20.0,92.9572,72.3712,-12.9463
7.704789271756705,5.145505055660017,20.0,67.1288,58.4974,-12.4665
7.892727795913886,5.2139090843251505,20.0,46.1814,46.6103,-11.7598
8.080666320071067,5.282313112990285,20.0,29.196,36.501,-10.9515
8.26860484422825,5.3507171416554185,20.0,15.4666,27.9607,-10.1137
6.320815573991299,4.854615379161262,20.0,285.9202,133.7545,4.6028
6.508754098148481,4.923019407826396,20.0,211.3784,111.9876,-3.1492
6.696692622305663,4.99142343649153,20.0,153.0138,92.8739,-8.1835
6.884631146462843,5.059827465156664,20.0,107.6612,76.214,-11.1917
7.072569670620027,5.128231493821797,20.0,72.6786,61.8041,-12.7324
7.2605081947772065,5.196635522486931,20.0,45.8492,49.4354,-13.2554
7.448446718934391,5.265039551152065,20.0,25.3032,38.8978,-13.1231
7.6363852430915715,5.333443579817199,20.0,9.5618,29.9799,-12.5995
7.824323767248752,5.401847608482332,20.0,-2.502,22.4818,-11.8664
8.012262291405934,5.4702516371474665,20.0,-11.7494,16.2115,-11.0431
8.200200815563115,5.5386556658126,20.0,-18.7902,10.9929,-10.194
6.252411545326165,5.042553903318444,20.0,174.6856,80.2016,3.5706
6.4403500694833475,5.110957931983577,20.0,114.8464,65.243,-3.9099
6.628288593640528,5.179361960648712,20.0,69.775,52.3783,-8.7454
6.816227117797709,5.247765989313845,20.0,36.3986,41.3967,-11.5987
7.004165641954893,5.31617001797898,20.0,12.113,32.0907,-13.0171
7.192104166112072,5.384574046644113,20.0,-5.2974,24.2521,-13.4504
7.380042690269256,5.452978075309247,20.0,-17.645,17.6883,-13.2554
7.567981214426437,5.52138210397438,20.0,-26.333,12.2207,-12.6936
7.755919738583618,5.589786132639514,20.0,-32.3904,7.6894,-11.9423
7.9438582627408,5.658190161304648,20.0,-36.5144,3.9594,-11.1083
8.131796786897981,5.726594189969782,20.0,-39.1818,0.9149,-10.2529
6.184007516661031,5.2304924274756255,20.0,98.7714,44.0041,2.6908
6.371946040818213,5.298896456140759,20.0,50.3954,34.2943,-4.5483
6.559884564975395,5.367300484805893,20.0,15.375,26.1039,-9.2082
6.7478230891325754,5.435704513471027,20.0,-9.2232,19.2354,-11.9235
6.935761613289759,5.50410854213616,20.0,-25.9202,13.5069,-13.2335
7.123700137446939,5.572512570801294,20.0,-36.843,8.7529,-13.5872
7.311638661604123,5.640916599466428,20.0,-43.6956,4.8324,-13.3401
7.499577185761304,5.709320628131562,20.0,-47.7464,1.6242,-12.7487
7.687515709918484,5.777724656796695,20.0,-49.88,-0.9726,-11.9837
7.875454234075667,5.84612868546183,20.0,-50.6688,-3.0426,-11.1459
8.063392758232848,5.914532714126963,20.0,-50.4642,-4.6561,-10.288
6.115603487995897,5.418430951632807,20.0,49.7736,20.8558,2.0155
6.30354201215308,5.486834980297941,20.0,9.5982,14.8551,-5.028
6.491480536310261,5.555239008963075,20.0,-18.4442,9.8691,-9.5456
6.679419060467442,5.6236430376282085,20.0,-37.0962,5.7517,-12.1499
6.867357584624625,5.692047066293343,20.0,-48.7338,2.3735,-13.3702
7.055296108781805,5.760451094958476,20.0,-55.3808,-0.3694,-13.6605
7.243234632938989,5.82885512362361,20.0,-58.633,-2.5661,-13.3752
7.43117315709617,5.897259152288743,20.0,-59.6336,-4.288,-12.7644
7.619111681253351,5.965663180953877,20.0,-59.1746,-5.5999,-11.9937
7.807050205410533,6.034067209619011,20.0,-57.7298,-6.5531,-11.1559
7.994988729567714,6.102471238284145,20.0,-55.6028,-7.2002,-10.3006
6.047199459330764,5.60636947578999,20.0,19.7632,6.7174,1.5821
6.235137983487946,5.674773504455123,20.0,-14.9536,3.1624,-5.3196
6.423076507645128,5.743177533120257,20.0,-38.4132,0.2684,-9.7375
6.611015031802308,5.81158156178539,20.0,-53.1658,-2.0587,-12.2621
6.798953555959492,5.8799855904505245,20.0,-61.4696,-3.8942,-13.4203
6.986892080116672,5.948389619115658,20.0,-65.2826,-5.3039,-13.6687
7.174830604273856,6.016793647780792,20.0,-66.128,-6.3424,-13.3608
7.362769128431037,6.085197676445926,20.0,-65.1008,-7.0642,-12.7431
7.550707652588217,6.153601705111059,20.0,-62.9286,-7.5157,-11.9743
7.7386461767454,6.222005733776193,20.0,-60.0662,-7.7489,-11.1421
7.9265847009025805,6.290409762441326,20.0,-56.7882,-7.8079,-10.2931
5.978795430665629,5.79430799994717,20.0,2.6038,-1.5201,1.411
6.166733954822812,5.862712028612304,20.0,-28.5742,-3.4735,-5.4068
6.354672478979994,5.931116057277438,20.0,-49.0512,-4.9854,-9.7701
6.542611003137175,5.999520085942572,20.0,-61.2354,-6.1135,-12.2521
6.730549527294357,6.067924114607706,20.0,-67.337,-6.9093,-13.3796
6.918488051451538,6.13632814327284,20.0,-69.2958,-7.4247,-13.6116
7.106426575608722,6.204732171937973,20.0,-68.6112,-7.7082,-13.2987
7.294365099765903,6.273136200603107,20.0,-66.3548,-7.8066,-12.6854
7.482303623923084,6.34154022926824,20.0,-63.2318,-7.7627,-11.9266
7.670242148080266,6.4099442579333745,20.0,-59.6476,-7.6122,-11.1058
7.858180672237447,6.478348286598508,20.0,-55.8336,-7.3834,-10.2667
5.910391402000496,5.982246524104353,20.0,-5.7052,-5.8614,1.5044
6.098329926157678,6.050650552769486,20.0,-34.6064,-6.7368,-5.2832
6.28626845031486,6.11905458143462,20.0,-53.1846,-7.3181,-9.6371
6.4742069744720405,6.187458610099753,20.0,-63.7826,-7.6555,-12.1179
6.662145498629224,6.255862638764888,20.0,-68.595,-7.7979,-13.2498
6.850084022786404,6.324266667430021,20.0,-69.5366,-7.7847,-13.4918
7.038022546943588,6.392670696095156,20.0,-68.0904,-7.6586,-13.1933
7.225961071100769,6.461074724760289,20.0,-65.2814,-7.4467,-12.597
7.413899595257949,6.529478753425423,20.0,-61.7736,-7.1752,-11.8558
7.601838119415132,6.597882782090556,20.0,-57.923,-6.8629,-11.0493
7.789776643572313,6.66628681075569,20.0,-53.9562,-6.5299,-10.2241
5.841987373335362,6.1701850482615335,20.0,-7.7886,-7.5903,1.848
6.029925897492545,6.238589076926667,20.0,-35.3792,-7.7778,-4.9559
6.217864421649726,6.306993105591801,20.0,-52.9792,-7.801,-9.3443
6.405802945806907,6.375397134256935,20.0,-62.858,-7.7,-11.8645
6.59374146996409,6.443801162922069,20.0,-67.1626,-7.5069,-13.0372
6.78167999412127,6.512205191587203,20.0,-67.7582,-7.2479,-13.3156
6.9696185182784545,6.580609220252336,20.0,-66.094,-6.945,-13.051
7.157557042435635,6.64901324891747,20.0,-63.1616,-6.6152,-12.4828
7.345495566592816,6.717417277582603,20.0,-59.5962,-6.2709,-11.7636
7.533434090749998,6.785821306247738,20.0,-55.7546,-5.9241,-10.9766
7.721372614907179,6.854225334912871,20.0,-51.8288,-5.5792,-10.1676
5.773583344670229,6.358123572418716,20.0,-5.8318,-7.7345,2.4093
5.961521868827411,6.4265276010838495,20.0,-32.9186,-7.5621,-4.4486
6.149460392984593,6.494931629748983,20.0,-50.2674,-7.3181,-8.9078
6.3373989171417735,6.5633356584141165,20.0,-60.0678,-7.0247,-11.5046
6.525337441298957,6.631739687079251,20.0,-64.4044,-6.6998,-12.7512
6.713275965456137,6.700143715744384,20.0,-65.087,-6.3587,-13.0924
6.901214489613321,6.768547744409519,20.0,-63.5294,-6.0113,-12.8767
7.089153013770502,6.836951773074652,20.0,-60.7224,-5.6664,-12.3474
7.277091537927682,6.905355801739786,20.0,-57.276,-5.3278,-11.6551
7.465030062084865,6.973759830404919,20.0,-53.5584,-5.0004,-10.8894
7.652968586242046,7.042163859070053,20.0,-49.7698,-4.6875,-10.0987
6.625669395360115,4.909226523943292,22.5,129.76,67.6404,-1.3802
6.810445301862371,4.985763210416309,22.5,78.6094,53.0229,-6.8591
6.9952212083646295,5.062299896889328,22.5,40.3908,40.7088,-10.2567
7.179997114866886,5.1388365833623455,22.5,12.3274,30.4333,-12.1348
7.364773021369144,5.215373269835364,22.5,-7.851,21.9331,-12.9293
7.549548927871401,5.291909956308381,22.5,-22.052,14.958,-12.992
7.734324834373657,5.368446642781399,22.5,-31.831,9.2709,-12.5932
7.919100740875917,5.444983329254418,22.5,-38.3968,4.6674,-11.9329
8.103876647378174,5.521520015727435,22.5,-42.627,0.9695,-11.1415
8.288652553880432,5.598056702200454,22.5,-45.1428,-1.964,-10.3037
8.473428460382689,5.674593388673472,22.5,-46.3656,-4.2498,-9.4665
6.549132708887097,5.094002430445549,22.5,63.1354,36.2207,-2.3265
6.733908615389353,5.170539116918567,22.5,23.1118,26.7115,-7.5778
6.9186845218916115,5.247075803391585,22.5,-5.4446,18.8735,-10.7979
7.103460428393868,5.323612489864603,22.5,-25.2188,12.4578,-12.5336
7.288236334896126,5.400149176337621,22.5,-38.3778,7.2429,-13.2159
7.473012241398383,5.476685862810639,22.5,-46.7042,3.0345,-13.1933
7.657788147900639,5.553222549283657,22.5,-51.6182,-0.3317,-12.7387
7.842564054402899,5.629759235756675,22.5,-54.1454,-2.9837,-12.0445
8.027339960905156,5.7062959222296925,22.5,-54.991,-5.0293,-11.2331
8.212115867407414,5.78283260870271,22.5,-54.642,-6.5506,-10.3852
8.39689177390967,5.859369295175728,22.5,-53.4118,-7.6235,-9.5412
6.472596022414079,5.2787783369478065,22.5,19.5376,16.056,-3.1436
6.657371928916335,5.3553150234208236,22.5,-12.4526,10.1645,-8.1954
6.842147835418594,5.431851709893842,22.5,-34.2552,5.3886,-11.2581
7.02692374192085,5.50838839636686,22.5,-48.3624,1.547,-12.8641
7.211699648423108,5.584925082839879,22.5,-56.7944,-1.51,-13.4436
7.396475554925365,5.661461769312896,22.5,-61.1788,-3.8992,-13.3451
7.581251461427621,5.737998455785914,22.5,-62.8016,-5.7178,-12.8415
7.7660273679298815,5.814535142258933,22.5,-62.5696,-7.0466,-12.1191
7.950803274432138,5.89107182873195,22.5,-61.0874,-7.9521,-11.2958
8.135579180934396,5.967608515204969,22.5,-58.7698,-8.5015,-10.4417
8.320355087436653,6.044145201677987,22.5,-55.9038,-8.7617,-9.5951
6.396059335941061,5.463554243450064,22.5,-7.7446,3.6929,-3.7826
6.580835242443317,5.540090929923082,22.5,-34.3258,0.1925,-8.6777
6.765611148945576,5.6166276163961,22.5,-51.6032,-2.5742,-11.6137
6.950387055447832,5.693164302869118,22.5,-61.8748,-4.7176,-13.1099
7.1351629619500905,5.769700989342136,22.5,-67.0522,-6.3229,-13.6016
7.319938868452347,5.8462376758151535,22.5,-68.7052,-7.468,-13.4423
7.5047147749546035,5.9227743622881714,22.5,-68.0418,-8.2199,-12.9005
7.6894906814568635,5.999311048761189,22.5,-65.9134,-8.6407,-12.158
7.87426658795912,6.075847735234207,22.5,-62.9022,-8.7981,-11.3265
8.059042494461378,6.152384421707225,22.5,-59.393,-8.7517,-10.4724
8.243818400963635,6.228921108180243,22.5,-55.6278,-8.5573,-9.6283
6.319522649468043,5.64833014995232,22.5,-23.8872,-3.533,-4.2053
6.5042985559702995,5.724866836425338,22.5,-46.8634,-5.4431,-8.9943
6.689074462472558,5.801403522898356,22.5,-61.0674,-6.8497,-11.842
6.873850368974814,5.877940209371374,22.5,-68.6788,-7.8236,-13.2579
7.0586262754770726,5.954476895844393,22.5,-71.6012,-8.4306,-13.685
7.243402181979329,6.03101358231741,22.5,-71.3942,-8.7347,-13.4812
7.428178088481586,6.107550268790428,22.5,-69.2596,-8.8,-12.9149
7.612953994983846,6.184086955263447,22.5,-66.0276,-8.6864,-12.1637
7.797729901486102,6.260623641736464,22.5,-62.2098,-8.4431,-11.3309
7.98250580798836,6.337160328209483,22.5,-58.1502,-8.1139,-10.4806
8.167281714490617,6.4136970146825005,22.5,-54.0262,-7.7301,-9.6415
6.242985962995025,5.833106056454579,22.5,-32.1444,-7.3018,-4.3852
6.427761869497282,5.909642742927596,22.5,-52.7368,-8.1164,-9.126
6.61253777599954,5.9861794294006145,22.5,-64.8962,-8.5899,-11.9291
6.797313682501796,6.0627161158736325,22.5,-70.7756,-8.788,-13.2999
6.982089589004055,6.13925280234665,22.5,-72.3024,-8.7724,-13.6894
7.166865495506311,6.215789488819668,22.5,-71.0494,-8.5987,-13.463
7.351641402008568,6.292326175292686,22.5,-68.1808,-8.3146,-12.8879
7.536417308510828,6.368862861765704,22.5,-64.4648,-7.959,-12.1367
7.721193215013084,6.445399548238722,22.5,-60.3686,-7.5627,-11.3108
7.9059691215153425,6.52193623471174,22.5,-56.161,-7.1457,-10.4674
8.090745028017599,6.598472921184758,22.5,-51.9868,-6.723,-9.6352
6.166449276522006,6.017881962956836,22.5,-34.667,-8.7009,-4.3163
6.351225183024263,6.094418649429853,22.5,-53.847,-8.8031,-9.0602
6.536001089526521,6.170955335902872,22.5,-64.8898,-8.7159,-11.8645
6.7207769960287775,6.24749202237589,22.5,-69.9118,-8.4927,-13.2316
6.905552902531036,6.324028708848909,22.5,-70.8096,-8.1754,-13.6147
7.090328809033292,6.400565395321926,22.5,-69.1542,-7.7991,-13.389
7.275104715535549,6.477102081794944,22.5,-66.0666,-7.3915,-12.8209
7.459880622037809,6.553638768267962,22.5,-62.265,-6.9707,-12.0809
7.644656528540065,6.6301754547409795,22.5,-58.1686,-6.5493,-11.2675
7.829432435042324,6.706712141213998,22.5,-54.0124,-6.1354,-10.4354
8.014208341544581,6.783248827687016,22.5,-49.9276,-5.736,-9.6139
6.089912590048989,6.2026578694590935,22.5,-33.291,-8.6375,-4.004
6.274688496551246,6.2791945559321105,22.5,-51.942,-8.3698,-8.8006
6.459464403053504,6.355731242405129,22.5,-62.6526,-8.0249,-11.6507
6.6442403095557605,6.432267928878147,22.5,-67.4812,-7.6336,-13.0535
6.829016216058019,6.508804615351165,22.5,-68.2976,-7.2178,-13.4655
7.013792122560275,6.585341301824183,22.5,-66.6522,-6.7951,-13.2655
7.198568029062532,6.661877988297201,22.5,-63.632,-6.3762,-12.7199
7.383343935564792,6.738414674770219,22.5,-59.9348,-5.9674,-12.0
7.568119842067048,6.814951361243237,22.5,-55.9676,-5.5742,-11.2048
7.752895748569307,6.891488047716255,22.5,-51.9418,-5.1967,-10.3871
7.937671655071563,6.968024734189273,22.5,-47.9872,-4.8386,-9.5775
6.01337590357597,6.38743377596135,22.5,-29.6236,-7.8662,-3.4728
6.198151810078227,6.463970462434368,22.5,-48.3676,-7.463,-8.3604
6.382927716580485,6.540507148907386,22.5,-59.275,-7.0435,-11.297
6.567703623082742,6.617043835380404,22.5,-64.3404,-6.6214,-12.7744
6.752479529585,6.693580521853423,22.5,-65.4082,-6.2057,-13.2492
6.9372554360872565,6.77011720832644,22.5,-63.9958,-5.8031,-13.0974
7.122031342589513,6.8466538947994575,22.5,-61.1904,-5.4162,-12.5895
7.306807249091773,6.923190581272476,22.5,-57.686,-5.0462,-11.8984
7.4915831555940295,6.999727267745493,22.5,-53.8944,-4.6956,-11.1258
7.676359062096288,7.076263954218512,22.5,-50.029,-4.3645,-10.325
7.861134968598544,7.15280064069153,22.5,-46.2242,-4.0535,-9.5293
5.9368392171029525,6.572209682463608,22.5,-24.765,-6.8679,-2.7573
6.121615123605209,6.648746368936625,22.5,-43.9566,-6.4477,-7.7653
6.306391030107467,6.725283055409644,22.5,-55.3656,-6.037,-10.8229
6.491166936609724,6.801819741882662,22.5,-60.9218,-5.6407,-12.4101
6.675942843111982,6.87835642835568,22.5,-62.427,-5.2607,-12.9764
6.8607187496142386,6.954893114828698,22.5,-61.372,-4.8988,-12.8936
7.045494656116495,7.031429801301716,22.5,-58.8536,-4.5552,-12.4358
7.230270562618755,7.107966487774734,22.5,-55.5902,-4.2329,-11.7811
7.415046469121012,7.184503174247752,22.5,-51.9896,-3.93,-11.0324
7.59982237562327,7.26103986072077,22.5,-48.2986,-3.6459,-10.2517
7.784598282125526,7.3375765471937875,22.5,-44.6448,-3.3806,-9.4709
5.860302530629935,6.756985588965865,22.5,-19.3698,-5.8721,-1.9064
6.045078437132191,6.833522275438883,22.5,-39.192,-5.4814,-7.0573
6.229854343634449,6.910058961911901,22.5,-51.2522,-5.1089,-10.2586
6.414630250136706,6.9865956483849185,22.5,-57.4304,-4.754,-11.9806
6.599406156638964,7.063132334857937,22.5,-59.483,-4.4197,-12.6609
6.784182063141221,7.139669021330954,22.5,-58.8676,-4.1056,-12.6641
6.968957969643477,7.216205707803972,22.5,-56.6812,-3.8102,-12.2652
7.153733876145737,7.292742394276991,22.5,-53.6678,-3.5337,-11.6501
7.338509782647994,7.369279080750008,22.5,-50.271,-3.2765,-10.9295
7.523285689150252,7.445815767223027,22.5,-46.752,-3.0382,-10.1689
7.7080615956525085,7.522352453696045,22.5,-43.2454,-2.8175,-9.4026
6.574273077508081,4.831038553184236,25.0,130.8998,47.7623,8.8438
6.75553463491541,4.915562205532375,25.0,71.0316,35.1396,0.1881
6.936796192322741,5.000085857880515,25.0,27.1142,24.8083,-5.6256
7.11805774973007,5.084609510228655,25.0,-4.4036,16.4542,-9.328
7.299319307137401,5.169133162576795,25.0,-26.3954,9.7625,-11.4801
7.480580864544731,5.253656814924935,25.0,-41.1508,4.453,-12.5142
7.661842421952059,5.338180467273075,25.0,-50.4996,0.2816,-12.7657
7.843103979359391,5.422704119621215,25.0,-55.8924,-2.953,-12.4966
8.02436553676672,5.5072277719693545,25.0,-58.4622,-5.4055,-11.9128
8.205627094174051,5.591751424317494,25.0,-59.0594,-7.1965,-11.1666
8.38688865158138,5.676275076665634,25.0,-58.2504,-8.4224,-10.3514
6.489749425159941,5.012300110591566,25.0,76.6368,23.4864,7.416
6.67101098256727,5.096823762939705,25.0,27.173,15.3913,-0.9024
6.852272539974601,5.181347415287846,25.0,-8.0092,8.9172,-6.4609
7.0335340973819305,5.265871067635985,25.0,-32.2876,3.7864,-9.9651
7.2147956547892615,5.350394719984125,25.0,-48.326,-0.2408,-11.9611
7.396057212196591,5.434918372332264,25.0,-58.1814,-3.3537,-12.8685
7.577318769603919,5.519442024680405,25.0,-63.4902,-5.7021,-13.0215
7.758580327011251,5.603965677028545,25.0,-65.541,-7.4059,-12.6823
7.93984188441858,5.688489329376685,25.0,-65.3326,-8.5585,-12.0539
8.12110344182591,5.773012981724825,25.0,-63.622,-9.2496,-11.2807
8.30236499923324,5.857536634072964,25.0,-60.9382,-9.5669,-10.4511
6.405225772811801,5.193561667998895,25.0,40.7732,8.0982,6.1442
6.58648733021913,5.278085320347035,25.0,-1.1966,3.1405,-1.8694
6.767748887626461,5.362608972695175,25.0,-30.2934,-0.7425,-7.2021
6.949010445033791,5.447132625043315,25.0,-49.5888,-3.7368,-10.5288
7.130272002441122,5.5316562773914555,25.0,-61.4936,-5.9856,-12.3806
7.311533559848451,5.6161799297395945,25.0,-67.8826,-7.6035,-13.1689
7.492795117255779,5.700703582087734,25.0,-70.2892,-8.6852,-13.2297
7.674056674663111,5.785227234435875,25.0,-69.933,-9.3173,-12.8246
7.85531823207044,5.869750886784015,25.0,-67.8034,-9.5869,-12.1574
8.036579789477772,5.954274539132155,25.0,-64.6128,-9.5794,-11.3635
8.2178413468851,6.038798191480295,25.0,-60.8376,-9.3712,-10.5238
6.320702120463661,5.374823225406225,25.0,17.9924,-1.2266,5.1114
6.5019636778709895,5.459346877754365,25.0,-18.8178,-4.1049,-2.652
6.6832252352783215,5.543870530102505,25.0,-43.7408,-6.2558,-7.8073
6.86448679268565,5.628394182450645,25.0,-59.546,-7.791,-10.991
7.045748350092982,5.712917834798786,25.0,-68.477,-8.8025,-12.718
7.22700990750031,5.797441487146925,25.0,-72.3584,-9.3762,-13.4015
7.408271464907639,5.8819651394950645,25.0,-72.7236,-9.6014,-13.3802
7.589533022314971,5.966488791843205,25.0,-70.8096,-9.56,-12.9224
7.770794579722299,6.051012444191345,25.0,-67.5564,-9.3292,-12.2245
7.952056137129631,6.135536096539485,25.0,-63.6032,-8.9718,-11.4149
8.13331769453696,6.220059748887625,25.0,-59.3528,-8.5372,-10.5696
6.23617846811552,5.556084782813555,25.0,4.4948,-6.5142,4.3808
6.4174400255228505,5.6406084351616945,25.0,-28.7456,-7.9678,-3.2025
6.598701582930181,5.725132087509834,25.0,-50.7754,-8.9103,-8.2387
6.779963140337511,5.809655739857975,25.0,-64.1486,-9.4289,-11.3227
6.961224697744841,5.894179392206115,25.0,-71.0456,-9.6102,-12.9563
7.142486255152171,5.978703044554255,25.0,-73.3004,-9.5374,-13.5564
7.3237478125595,6.063226696902394,25.0,-72.4538,-9.2847,-13.4711
7.505009369966832,6.1477503492505345,25.0,-69.7148,-8.9122,-12.9726
7.68627092737416,6.232274001598674,25.0,-65.9598,-8.4707,-12.2546
7.867532484781492,6.316797653946814,25.0,-61.7346,-7.9923,-11.4375
8.04879404218882,6.401321306294954,25.0,-57.366,-7.5012,-10.5909
6.151654815767381,5.737346340220885,25.0,-2.052,-9.0088,3.9914
6.33291637317471,5.821869992569025,25.0,-32.9046,-9.4741,-3.4891
6.514177930582042,5.906393644917165,25.0,-53.1018,-9.6133,-8.4688
6.69543948798937,5.990917297265305,25.0,-65.0368,-9.5104,-11.504
6.876701045396702,6.075440949613445,25.0,-70.7896,-9.2364,-13.0792
7.0579626028040305,6.159964601961585,25.0,-72.2032,-8.852,-13.6248
7.239224160211359,6.244488254309724,25.0,-70.7996,-8.4036,-13.4981
7.420485717618691,6.329011906657865,25.0,-67.7508,-7.9214,-12.977
7.601747275026019,6.413535559006005,25.0,-63.854,-7.4304,-12.2483
7.783008832433351,6.498059211354144,25.0,-59.6172,-6.945,-11.4318
7.96427038984068,6.582582863702284,25.0,-55.3068,-6.4716,-10.5909
6.067131163419241,5.918607897628215,25.0,-3.3912,-9.612,3.9582
6.248392720826571,6.003131549976354,25.0,-32.9462,-9.4797,-3.4967
6.429654278233901,6.087655202324495,25.0,-52.3016,-9.1856,-8.4826
6.610915835641231,6.172178854672635,25.0,-63.6534,-8.7899,-11.5184
6.792177393048561,6.2567025070207745,25.0,-68.9872,-8.334,-13.0798
6.973438950455892,6.341226159368914,25.0,-70.1212,-7.8512,-13.6047
7.15470050786322,6.425749811717054,25.0,-68.571,-7.3595,-13.463
7.335962065270552,6.510273464065195,25.0,-65.492,-6.8748,-12.9356
7.51722362267788,6.594797116413334,25.0,-61.653,-6.4051,-12.2107
7.698485180085212,6.679320768761475,25.0,-57.5054,-5.9517,-11.4005
7.879746737492541,6.763844421109614,25.0,-53.3112,-5.519,-10.5683
5.982607511071102,6.099869455035545,25.0,-1.1952,-9.1348,4.2686
6.16386906847843,6.184393107383684,25.0,-30.3776,-8.7272,-3.2308
6.345130625885762,6.268916759731825,25.0,-49.6442,-8.2657,-8.2782
6.5263921832930905,6.353440412079965,25.0,-61.011,-7.7797,-11.3629
6.707653740700422,6.437964064428105,25.0,-66.3926,-7.2887,-12.9538
6.888915298107751,6.5224877167762445,25.0,-67.594,-6.8058,-13.4956
7.070176855515079,6.607011369124384,25.0,-66.1428,-6.3374,-13.367
7.251438412922411,6.691535021472525,25.0,-63.1918,-5.8877,-12.8541
7.43269997032974,6.776058673820664,25.0,-59.4908,-5.4582,-12.1436
7.613961527737072,6.860582326168805,25.0,-55.5026,-5.0531,-11.3491
7.7952230851444,6.945105978516944,25.0,-51.4614,-4.6731,-10.5288
5.898083858722961,6.281131012442875,25.0,3.1706,-8.1973,4.8913
6.07934541613029,6.365654664791014,25.0,-26.2736,-7.7088,-2.714
6.260606973537621,6.450178317139155,25.0,-45.904,-7.2184,-7.8668
6.441868530944951,6.534701969487295,25.0,-57.651,-6.7381,-11.0437
6.623130088352282,6.619225621835435,25.0,-63.3698,-6.2715,-12.7067
6.804391645759611,6.703749274183575,25.0,-64.8588,-5.8244,-13.3025
6.985653203166939,6.7882729265317145,25.0,-63.6672,-5.3992,-13.2172
7.166914760574271,6.872796578879855,25.0,-60.9418,-4.9973,-12.7368
7.3481763179816,6.957320231227994,25.0,-57.4502,-4.6185,-12.0533
7.529437875388932,7.041843883576135,25.0,-53.6424,-4.2648,-11.2782
7.71069943279626,7.126367535924274,25.0,-49.7636,-3.9344,-10.4737
5.813560206374822,6.462392569850206,25.0,8.8156,-7.1482,5.778
5.99482176378215,6.546916222198345,25.0,-21.2658,-6.6685,-1.9822
6.176083321189482,6.631439874546485,25.0,-41.507,-6.2063,-7.2736
6.357344878596811,6.715963526894624,25.0,-53.8318,-5.7617,-10.5771
6.538606436004143,6.800487179242765,25.0,-60.0828,-5.339,-12.3512
6.719867993411471,6.885010831590904,25.0,-62.0342,-4.9415,-13.0378
6.9011295508187995,6.969534483939045,25.0,-61.2166,-4.5665,-13.0209
7.0823911082261315,7.054058136287185,25.0,-58.7874,-4.2147,-12.5895
7.26365266563346,7.138581788635324,25.0,-55.5412,-3.8886,-11.941
7.444914223040792,7.223105440983464,25.0,-51.9456,-3.5882,-11.1923
7.62617578044812,7.307629093331604,25.0,-48.2432,-3.311,-10.4053
5.729036554026681,6.643654127257536,25.0,15.187,-6.1411,6.8673
5.9102981114340105,6.728177779605675,25.0,-15.73,-5.699,-1.083
6.091559668841342,6.8127014319538155,25.0,-36.7086,-5.2807,-6.5368
6.272821226248671,6.8972250843019545,25.0,-49.7408,-4.885,-9.9927
6.454082783656002,6.981748736650095,25.0,-56.6576,-4.5144,-11.9072
6.635344341063331,7.066272388998234,25.0,-59.1848,-4.1664,-12.713
6.81660589847066,7.150796041346375,25.0,-58.8338,-3.8441,-12.7864
6.997867455877992,7.235319693694515,25.0,-56.7704,-3.5474,-12.4189
7.17912901328532,7.319843346042655,25.0,-53.7992,-3.2722,-11.8137
7.360390570692652,7.4043669983907945,25.0,-50.4116,-3.0182,-11.0938
7.54165212809998,7.488890650738934,25.0,-46.8852,-2.7862,-10.3282
6.63433805219074,4.580999739058493,27.5,217.8862,59.5033,24.7199
6.811740218826383,4.6733494617055,27.5,133.9612,43.6956,11.6425
6.98914238546203,4.765699184352507,27.5,71.3866,30.7657,2.4638
7.1665445520976725,4.858048906999513,27.5,25.5726,20.3641,-3.7889
7.343946718733317,4.9503986296465206,27.5,-7.239,12.1279,-7.8737
7.521348885368962,5.042748352293527,27.5,-30.0588,5.6984,-10.3639
7.698751052004605,5.135098074940533,27.5,-45.2596,0.7444,-11.6871
7.876153218640249,5.227447797587541,27.5,-54.7288,-3.0132,-12.1756
8.053555385275894,5.319797520234547,27.5,-59.9448,-5.7968,-12.0878
8.230957551911539,5.412147242881554,27.5,-62.0682,-7.7765,-11.6288
8.408359718547183,5.504496965528561,27.5,-62.0142,-9.0865,-10.9603
6.541988329543733,4.758401905694138,27.5,154.072,31.6912,22.6724
6.7193904961793764,4.850751628341143,27.5,82.4986,21.1035,10.0729
6.896792662815022,4.943101350988151,27.5,30.45,12.7092,1.2579
7.074194829450666,5.035451073635158,27.5,-6.5708,6.1486,-4.717
7.2515969960863105,5.127800796282165,27.5,-32.1782,1.0893,-8.5892
7.428999162721954,5.220150518929172,27.5,-49.1704,-2.7536,-10.9158
7.606401329357598,5.312500241576178,27.5,-59.6588,-5.6074,-12.111
7.783803495993243,5.404849964223185,27.5,-65.2874,-7.6467,-12.4985
7.961205662628887,5.497199686870192,27.5,-67.3496,-9.005,-12.3349
8.138607829264533,5.589549409517199,27.5,-66.9006,-9.8027,-11.8238
8.316009995900178,5.681899132164205,27.5,-64.7858,-10.1551,-11.1189
6.449638606896726,4.935804072329781,27.5,109.224,13.3018,20.6551
6.62704077353237,5.028153794976788,27.5,47.3866,6.6089,8.5422
6.804442940168015,5.120503517623796,27.5,3.2282,1.4423,0.0859
6.981845106803659,5.212853240270801,27.5,-27.445,-2.4889,-5.6168
7.159247273439304,5.305202962917809,27.5,-47.9498,-5.4143,-9.2803
7.336649440074948,5.397552685564816,27.5,-60.7862,-7.5119,-11.4406
7.514051606710591,5.4899024082118215,27.5,-67.8562,-8.9197,-12.5042
7.691453773346236,5.582252130858829,27.5,-70.669,-9.7581,-12.7882
7.868855939981881,5.674601853505836,27.5,-70.4722,-10.1413,-12.5474
8.046258106617525,5.7669515761528425,27.5,-68.2888,-10.177,-11.9837
8.22366027325317,5.859301298799849,27.5,-64.9202,-9.9651,-11.2475
6.357288884249719,5.113206238965426,27.5,78.804,1.8016,18.8002
6.534691050885363,5.205555961612433,27.5,24.1568,-2.218,7.1482
6.712093217521009,5.29790568425944,27.5,-14.3502,-5.2149,-0.9801
6.889495384156652,5.390255406906446,27.5,-40.4986,-7.3727,-6.4383
7.066897550792297,5.482605129553454,27.5,-57.3022,-8.8313,-9.9099
7.244299717427941,5.57495485220046,27.5,-67.0786,-9.7099,-11.9147
7.421701884063585,5.667304574847466,27.5,-71.6486,-10.1237,-12.8503
7.599104050699229,5.759654297494474,27.5,-72.5016,-10.1852,-13.0328
7.776506217334874,5.8520040201414805,27.5,-70.8534,-9.9895,-12.7186
7.953908383970519,5.944353742788487,27.5,-67.6804,-9.6246,-12.1078
8.131310550606164,6.036703465435494,27.5,-63.6922,-9.1555,-11.3453
6.264939161602713,5.290608405601071,27.5,58.8786,-5.0117,17.2255
6.442341328238356,5.3829581282480765,27.5,9.4742,-7.2291,5.9831
6.619743494874002,5.475307850895084,27.5,-24.9568,-8.7372,-1.8706
6.797145661509646,5.567657573542091,27.5,-47.8444,-9.6584,-7.1319
6.97454782814529,5.660007296189098,27.5,-61.9956,-10.1056,-10.4461
7.151949994780934,5.752357018836105,27.5,-69.642,-10.1902,-12.3154
7.329352161416578,5.844706741483111,27.5,-72.5618,-10.0121,-13.1344
7.506754328052223,5.9370564641301184,27.5,-72.2144,-9.6578,-13.2247
7.684156494687867,6.029406186777125,27.5,-69.7676,-9.1944,-12.8447
7.861558661323512,6.121755909424132,27.5,-66.1266,-8.6733,-12.195
8.038960827959157,6.2141056320711385,27.5,-61.899,-8.1271,-11.4112
6.172589438955706,5.4680105722367145,27.5,46.835,-8.6419,16.0297
6.34999160559135,5.560360294883721,27.5,1.2718,-9.6045,5.1202
6.527393772226995,5.652710017530729,27.5,-30.2922,-10.0855,-2.5303
6.704795938862639,5.745059740177735,27.5,-51.0052,-10.194,-7.6543
6.882198105498284,5.837409462824742,27.5,-63.4904,-10.0328,-10.8562
7.0596002721339275,5.929759185471749,27.5,-69.864,-9.6904,-12.6208
7.237002438769571,6.022108908118755,27.5,-71.8442,-9.2345,-13.3438
7.414404605405216,6.114458630765762,27.5,-70.8598,-8.7159,-13.357
7.591806772040861,6.206808353412769,27.5,-68.0392,-8.171,-12.9243
7.769208938676505,6.299158076059776,27.5,-64.223,-7.6223,-12.2446
7.94661110531215,6.391507798706782,27.5,-59.9572,-7.0836,-11.4475
6.080239716308699,5.645412738872359,27.5,40.9854,-10.0617,15.2772
6.257641882944343,5.737762461519365,27.5,-1.9642,-10.1965,4.6072
6.4350440495799885,5.830112184166373,27.5,-31.7834,-10.0535,-2.9191
6.612446216215632,5.922461906813379,27.5,-51.3372,-9.7218,-7.9734
6.789848382851277,6.014811629460387,27.5,-63.0064,-9.2728,-11.1152
6.967250549486921,6.1071613521073935,27.5,-68.7666,-8.7579,-12.8127
7.144652716122565,6.199511074754399,27.5,-70.3028,-8.2142,-13.4686
7.322054882758209,6.291860797401407,27.5,-69.0326,-7.6655,-13.4254
7.499457049393854,6.384210520048414,27.5,-66.0752,-7.125,-12.9563
7.676859216029499,6.47656024269542,27.5,-62.2388,-6.6026,-12.2584
7.854261382665143,6.568909965342427,27.5,-58.0232,-6.1016,-11.455
5.9878899936616925,5.822814905508004,27.5,39.8666,-10.0729,15.0031
6.165292160297336,5.91516462815501,27.5,-1.6318,-9.7531,4.4686
6.342694326932982,6.007514350802017,27.5,-30.6862,-9.3117,-3.0157
6.520096493568626,6.099864073449023,27.5,-49.87,-8.8,-8.0675
6.69749866020427,6.192213796096031,27.5,-61.3318,-8.2575,-11.2042
6.874900826839914,6.284563518743038,27.5,-66.928,-7.7082,-12.8779
7.052302993475558,6.376913241390044,27.5,-68.3316,-7.167,-13.4994
7.229705160111203,6.469262964037052,27.5,-66.9944,-6.6428,-13.4272
7.407107326746847,6.561612686684057,27.5,-64.0486,-6.1405,-12.9419
7.584509493382492,6.653962409331065,27.5,-60.2798,-5.6645,-12.2377
7.761911660018137,6.746312131978071,27.5,-56.177,-5.2161,-11.4362
5.895540271014686,6.000217072143648,27.5,42.1418,-9.3493,15.2101
6.07294243765033,6.092566794790654,27.5,1.116,-8.842,4.7
6.250344604285975,6.184916517437662,27.5,-27.8892,-8.3008,-2.8219
6.427746770921619,6.277266240084668,27.5,-47.2314,-7.7515,-7.9321
6.605148937557264,6.369615962731675,27.5,-58.8736,-7.209,-11.1139
6.782551104192907,6.461965685378682,27.5,-64.6014,-6.6829,-12.8089
6.959953270828551,6.554315408025688,27.5,-66.1014,-6.1787,-13.436
7.137355437464196,6.646665130672695,27.5,-64.865,-5.7009,-13.3658
7.3147576040998405,6.739014853319702,27.5,-62.0316,-5.25,-12.8829
7.492159770735485,6.831364575966709,27.5,-58.4022,-4.8273,-12.1869
7.66956193737113,6.9237142986137155,27.5,-54.4428,-4.4342,-11.3936
5.803190548367679,6.177619238779291,27.5,46.7896,-8.3434,15.8691
5.980592715003323,6.269968961426298,27.5,5.501,-7.7947,5.2726
6.1579948816389685,6.362318684073306,27.5,-23.9298,-7.2517,-2.3566
6.335397048274612,6.454668406720312,27.5,-43.7458,-6.7237,-7.5746
6.512799214910257,6.54701812936732,27.5,-55.826,-6.2182,-10.8474
6.690201381545901,6.639367852014326,27.5,-61.905,-5.7385,-12.607
6.8676035481815445,6.731717574661332,27.5,-63.6862,-5.2845,-13.2793
7.045005714817189,6.824067297308339,27.5,-62.6838,-4.8599,-13.241
7.222407881452834,6.916417019955347,27.5,-60.0652,-4.4636,-12.7845
7.3998100480884785,7.0087667426023526,27.5,-56.6298,-4.1005,-12.1072
7.577212214724123,7.10111646524936,27.5,-52.8626,-3.7657,-11.3328
5.7108408257206715,6.355021405414936,27.5,53.1206,-7.2937,16.927
5.888242992356316,6.447371128061943,27.5,11.0354,-6.7657,6.1417
6.065645158991961,6.53972085070895,27.5,-19.1286,-6.2571,-1.6536
6.243047325627606,6.632070573355957,27.5,-39.6234,-5.7749,-7.0184
6.42044949226325,6.724420296002965,27.5,-52.3144,-5.3202,-10.4185
6.597851658898893,6.8167700186499705,27.5,-58.9226,-4.8919,-12.2847
6.775253825534538,6.909119741296976,27.5,-61.1464,-4.495,-13.0391
6.9526559921701825,7.001469463943984,27.5,-60.5054,-4.1281,-13.0623
7.130058158805827,7.093819186590991,27.5,-58.1776,-3.7908,-12.649
7.307460325441472,7.186168909237997,27.5,-54.9806,-3.4803,-12.005
7.4848624920771165,7.278518631885005,27.5,-51.4138,-3.1969,-11.255
6.974613391789285,4.719615242270662,30.0,79.7634,16.2479,11.8169
7.147818472546173,4.819615242270662,30.0,27.6524,8.2676,2.7793
7.321023553303061,4.9196152422706625,30.0,-9.2246,2.2067,-3.4095
7.494228634059948,5.019615242270662,30.0,-34.5642,-2.3071,-7.4875
7.667433714816836,5.119615242270662,30.0,-51.1916,-5.5842,-10.0058
7.840638795573724,5.219615242270662,30.0,-61.268,-7.8706,-11.3817
8.013843876330611,5.319615242270662,30.0,-66.4326,-9.3593,-11.9285
8.1870489570875,5.4196152422706625,30.0,-67.9814,-10.2065,-11.8921
8.360254037844387,5.519615242270662,30.0,-67.0094,-10.5545,-11.4751
8.533459118601273,5.619615242270662,30.0,-64.4048,-10.5326,-10.8349
8.706664199358162,5.719615242270662,30.0,-60.8552,-10.2542,-10.0867
6.874613391789285,4.89282032302755,30.0,48.3802,3.6641,10.263
7.047818472546172,4.99282032302755,30.0,3.878,-1.2304,1.5847
7.221023553303061,5.09282032302755,30.0,-26.9322,-4.8123,-4.3269
7.394228634059948,5.19282032302755,30.0,-47.4682,-7.3445,-8.1948
7.567433714816835,5.2928203230275495,30.0,-60.2782,-9.0301,-10.5545
7.740638795573723,5.39282032302755,30.0,-67.2966,-10.0347,-11.8068
7.913843876330612,5.49282032302755,30.0,-70.0282,-10.5025,-12.2558
8.0870489570875,5.59282032302755,30.0,-69.7198,-10.5677,-12.1461
8.260254037844387,5.69282032302755,30.0,-67.3996,-10.3482,-11.6758
8.433459118601274,5.7928203230275495,30.0,-63.8854,-9.9431,-10.9998
8.606664199358162,5.89282032302755,30.0,-59.7556,-9.4258,-10.226
6.774613391789285,5.066025403784438,30.0,26.931,-3.9651,8.7153
6.947818472546173,5.166025403784437,30.0,-11.9186,-6.7569,0.3988
7.121023553303061,5.266025403784438,30.0,-38.2512,-8.652,-5.2368
7.294228634059948,5.3660254037844375,30.0,-55.2164,-9.824,-8.8921
7.467433714816836,5.466025403784437,30.0,-65.1896,-10.421,-11.0869
7.640638795573723,5.566025403784438,30.0,-70.0032,-10.5828,-12.2094
7.813843876330612,5.666025403784437,30.0,-71.0754,-10.4291,-12.5543
7.9870489570875005,5.766025403784438,30.0,-69.5992,-10.066,-12.3668
8.160254037844387,5.8660254037844375,30.0,-66.5178,-9.5725,-11.8432
8.333459118601274,5.966025403784437,30.0,-62.5534,-9.0075,-11.1346
8.506664199358163,6.066025403784438,30.0,-58.1902,-8.4137,-10.3407
6.674613391789285,5.239230484541325,30.0,12.6646,-8.2211,7.2767
6.847818472546173,5.339230484541325,30.0,-21.9582,-9.5719,-0.7036
7.021023553303062,5.439230484541326,30.0,-44.966,-10.31,-6.0865
7.194228634059948,5.539230484541326,30.0,-59.33,-10.5752,-9.5449
7.367433714816836,5.639230484541326,30.0,-67.3106,-10.4943,-11.5805
7.540638795573724,5.739230484541325,30.0,-70.6466,-10.1783,-12.5725
7.713843876330612,5.839230484541325,30.0,-70.6868,-9.713,-12.8152
7.887048957087501,5.939230484541326,30.0,-68.5296,-9.1624,-12.5512
8.060254037844388,6.039230484541326,30.0,-65.0604,-8.5742,-11.978
8.233459118601274,6.139230484541326,30.0,-60.9042,-7.9747,-11.2387
8.406664199358163,6.239230484541325,30.0,-56.4818,-7.3827,-10.4291
6.574613391789285,5.412435565298214,30.0,3.8402,-10.1639,6.042
6.7478184725461725,5.5124355652982135,30.0,-27.6896,-10.5426,-1.6511
6.921023553303061,5.612435565298213,30.0,-48.3888,-10.5426,-6.8259
7.094228634059948,5.712435565298213,30.0,-61.0294,-10.2811,-10.1168
7.2674337148168355,5.8124355652982125,30.0,-67.7458,-9.8491,-12.0119
7.440638795573723,5.912435565298214,30.0,-70.1652,-9.3154,-12.8836
7.613843876330612,6.0124355652982135,30.0,-69.5794,-8.7329,-13.0284
7.7870489570875,6.112435565298213,30.0,-67.0448,-8.134,-12.6942
7.960254037844387,6.212435565298213,30.0,-63.385,-7.5395,-12.0765
8.133459118601275,6.3124355652982125,30.0,-59.1734,-6.9613,-11.3127
8.306664199358163,6.412435565298214,30.0,-54.78,-6.4076,-10.4912
6.474613391789285,5.585640646055102,30.0,-0.785,-10.5727,5.0901
6.647818472546173,5.685640646055101,30.0,-30.2744,-10.3714,-2.3829
6.821023553303061,5.785640646055102,30.0,-49.5776,-9.977,-7.4059
6.994228634059948,5.885640646055101,30.0,-61.2326,-9.4659,-10.5752
7.167433714816836,5.985640646055101,30.0,-67.218,-8.8928,-12.3581
7.340638795573724,6.085640646055102,30.0,-69.095,-8.2951,-13.1262
7.513843876330612,6.185640646055101,30.0,-68.1422,-7.6969,-13.1871
7.687048957087501,6.285640646055102,30.0,-65.3978,-7.1137,-12.7926
7.8602540378443875,6.385640646055101,30.0,-61.6606,-6.5531,-12.1386
8.033459118601273,6.485640646055101,30.0,-57.4726,-6.0219,-11.3572
8.206664199358162,6.585640646055102,30.0,-53.1558,-5.5203,-10.5288
6.3746133917892855,5.758845726811989,30.0,-2.2774,-10.0961,4.4787
6.547818472546172,5.858845726811989,30.0,-30.6372,-9.6108,-2.8539
6.721023553303061,5.958845726811989,30.0,-49.269,-9.0489,-7.7928
6.894228634059948,6.058845726811989,30.0,-60.4742,-8.4557,-10.8907
7.067433714816836,6.158845726811989,30.0,-66.1052,-7.8574,-12.5976
7.240638795573723,6.258845726811989,30.0,-67.692,-7.2686,-13.2887
7.413843876330612,6.358845726811989,30.0,-66.5366,-6.7011,-13.2836
7.5870489570875,6.458845726811989,30.0,-63.6998,-6.1605,-12.8447
7.760254037844387,6.558845726811989,30.0,-59.9646,-5.6513,-12.1655
7.933459118601274,6.658845726811989,30.0,-55.841,-5.1747,-11.3729
8.106664199358162,6.758845726811989,30.0,-51.641,-4.7339,-10.5433
6.274613391789285,5.932050807568877,30.0,-1.4648,-9.2044,4.236
6.447818472546173,6.032050807568877,30.0,-29.3804,-8.6162,-3.037
6.621023553303061,6.132050807568877,30.0,-47.882,-8.018,-7.9615
6.794228634059948,6.232050807568877,30.0,-59.0178,-7.4241,-11.0424
6.967433714816836,6.332050807568876,30.0,-64.5602,-6.8503,-12.7149
7.140638795573723,6.432050807568877,30.0,-66.0502,-6.3023,-13.3614
7.313843876330612,6.532050807568877,30.0,-64.8374,-5.7849,-13.3169
7.4870489570875005,6.632050807568877,30.0,-62.003,-5.2995,-12.851
7.660254037844387,6.732050807568877,30.0,-58.3304,-4.848,-12.1586
7.833459118601274,6.832050807568876,30.0,-54.3236,-4.4348,-11.3635
8.006664199358163,6.932050807568877,30.0,-50.2612,-4.0554,-10.5376
6.174613391789285,6.105255888325765,30.0,1.1162,-8.1773,4.3677
6.347818472546173,6.205255888325764,30.0,-26.8794,-7.5815,-2.9291
6.521023553303062,6.305255888325765,30.0,-45.6046,-7.0021,-7.9001
6.694228634059948,6.405255888325764,30.0,-56.965,-6.4465,-11.018
6.867433714816836,6.505255888325764,30.0,-62.6436,-5.921,-12.7004
7.040638795573724,6.605255888325765,30.0,-64.2128,-5.4262,-13.3401
7.213843876330612,6.705255888325764,30.0,-63.065,-4.9653,-13.2836
7.387048957087501,6.805255888325765,30.0,-60.3336,-4.5414,-12.8127
7.560254037844388,6.905255888325764,30.0,-56.7916,-4.1538,-12.121
7.733459118601274,7.005255888325764,30.0,-52.92,-3.797,-11.3315
7.906664199358163,7.105255888325765,30.0,-48.9998,-3.4735,-10.5132
6.074613391789285,6.278460969082652,30.0,5.0958,-7.1545,4.8512
6.247818472546173,6.378460969082652,30.0,-23.3616,-6.5926,-2.5441
6.421023553303062,6.4784609690826525,30.0,-42.5782,-6.0583,-7.6154
6.594228634059949,6.578460969082652,30.0,-54.3736,-5.556,-10.8154
6.7674337148168355,6.678460969082652,30.0,-60.3814,-5.0857,-12.5525
6.940638795573724,6.778460969082652,30.0,-62.1934,-4.6511,-13.2228
7.113843876330613,6.878460969082652,30.0,-61.2628,-4.2548,-13.1883
7.287048957087501,6.9784609690826525,30.0,-58.708,-3.8892,-12.7324
7.460254037844388,7.078460969082652,30.0,-55.3304,-3.5562,-12.0545
7.633459118601275,7.178460969082652,30.0,-51.6358,-3.2565,-11.2807
7.806664199358163,7.278460969082652,30.0,-47.8706,-2.9843,-10.4755
5.974613391789285,6.45166604983954,30.0,10.1964,-6.1982,5.6482
6.147818472546173,6.55166604983954,30.0,-19.0158,-5.6877,-1.9101
6.321023553303061,6.65166604983954,30.0,-38.9172,-5.2086,-7.125
6.494228634059948,6.75166604983954,30.0,-51.3048,-4.764,-10.4442
6.667433714816836,6.851666049839539,30.0,-57.8188,-4.3576,-12.2759
6.840638795573724,6.95166604983954,30.0,-60.039,-3.9839,-13.0178
7.013843876330612,7.05166604983954,30.0,-59.4232,-3.6434,-13.0341
7.187048957087501,7.15166604983954,30.0,-57.1304,-3.3336,-12.6158
7.3602540378443875,7.25166604983954,30.0,-53.975,-3.0539,-11.9668
7.533459118601274,7.351666049839539,30.0,-50.4506,-2.7993,-11.213
7.706664199358163,7.45166604983954,30.0,-46.8324,-2.5692,-10.4235
5.8746133917892855,6.624871130596428,30.0,16.154,-5.334,6.7055
6.047818472546173,6.724871130596427,30.0,-14.0416,-4.88,-1.0704
6.221023553303062,6.824871130596428,30.0,-34.7696,-4.463,-6.4609
6.394228634059949,6.9248711305964274,30.0,-47.8746,-4.0811,-9.9281
6.567433714816836,7.024871130596427,30.0,-55.0144,-3.7318,-11.8877
6.740638795573724,7.124871130596428,30.0,-57.76,-3.4126,-12.7337
6.9138438763306125,7.224871130596427,30.0,-57.5746,-3.1267,-12.8303
7.087048957087501,7.324871130596428,30.0,-55.6104,-2.8658,-12.4697
7.260254037844388,7.4248711305964274,30.0,-52.6944,-2.6294,-11.8589
7.433459118601275,7.524871130596427,30.0,-49.3608,-2.4162,-11.1321
7.606664199358163,7.624871130596428,30.0,-45.8918,-2.2243,-10.3608
5.774613391789285,6.798076211353315,30.0,22.6808,-4.5702,7.9553
5.947818472546173,6.898076211353315,30.0,-8.6588,-4.1802,-0.0746
6.121023553303061,6.9980762113533155,30.0,-30.2946,-3.8221,-5.6626
6.294228634059948,7.098076211353315,30.0,-44.1836,-3.4948,-9.2985
6.467433714816836,7.198076211353315,30.0,-52.041,-3.2007,-11.4099
6.640638795573723,7.298076211353315,30.0,-55.417,-2.9335,-12.3875
6.813843876330612,7.398076211353315,30.0,-55.7308,-2.6902,-12.5876
6.9870489570875005,7.4980762113533155,30.0,-54.1378,-2.4707,-12.2991
7.160254037844387,7.598076211353315,30.0,-51.4992,-2.2738,-11.7379
7.333459118601274,7.698076211353315,30.0,-48.355,-2.0951,-11.0412
7.506664199358163,7.798076211353315,30.0,-45.0224,-1.9314,-10.2899
7.8312295476817635,4.506866291728221,35.0,23.3416,5.8188,2.926
7.995059956539561,4.62158157899843,35.0,-12.2182,-0.5305,-2.7893
8.15889036539736,4.736296866268639,35.0,-36.1228,-4.9402,-6.5606
8.322720774255158,4.851012153538848,35.0,-51.2846,-7.8543,-8.894
8.486551183112958,4.965727440809058,35.0,-60.0038,-9.6453,-10.1783
8.650381591970755,5.080442728079267,35.0,-64.0434,-10.6053,-10.7082
8.814212000828553,5.195158015349476,35.0,-64.762,-10.9672,-10.7069
8.978042409686353,5.309873302619685,35.0,-63.2068,-10.902,-10.3507
9.14187281854415,5.424588589889894,35.0,-60.232,-10.552,-9.782
9.305703227401949,5.539303877160104,35.0,-56.4822,-10.0253,-9.1079
9.469533636259747,5.654019164430313,35.0,-52.3996,-9.3988,-8.4005
7.716514260411554,4.670696700586019,35.0,4.0284,-2.6288,2.3215
7.880344669269351,4.785411987856229,35.0,-25.8764,-6.3474,-3.2954
8.044175078127152,4.900127275126438,35.0,-45.4716,-8.7404,-6.9977
8.208005486984948,5.014842562396646,35.0,-57.42,-10.1432,-9.2834
8.371835895842748,5.129557849666856,35.0,-63.7662,-10.8229,-10.5301
8.535666304700545,5.244273136937066,35.0,-66.0626,-10.9829,-11.0242
8.699496713558343,5.358988424207274,35.0,-65.5058,-10.7797,-10.9866
8.863327122416143,5.473703711477484,35.0,-63.08,-10.3432,-10.5984
9.02715753127394,5.588418998747693,35.0,-59.5346,-9.7657,-10.0008
9.19098794013174,5.703134286017903,35.0,-55.441,-9.1147,-9.3029
9.354818348989538,5.817849573288111,35.0,-51.172,-8.435,-8.5755
7.601798973141345,4.834527109443818,35.0,-8.8356,-7.5132,1.5477
7.765629381999142,4.949242396714027,35.0,-34.5376,-9.4452,-3.9118
7.929459790856942,5.063957683984237,35.0,-51.0276,-10.51,-7.5019
8.093290199714739,5.1786729712544455,35.0,-60.7224,-10.9452,-9.708
8.257120608572539,5.293388258524655,35.0,-65.4328,-10.9314,-10.8925
8.420951017430335,5.408103545794864,35.0,-66.5654,-10.6147,-11.334
8.584781426288133,5.522818833065073,35.0,-65.2262,-10.1093,-11.2519
8.748611835145933,5.637534120335283,35.0,-62.289,-9.4923,-10.8261
8.91244224400373,5.7522494076054915,35.0,-58.446,-8.825,-10.199
9.07627265286153,5.866964694875701,35.0,-54.1944,-8.1428,-9.4772
9.240103061719328,5.98167998214591,35.0,-49.8748,-7.473,-8.7322
7.487083685871135,4.998357518301616,35.0,-17.4344,-9.9914,0.6371
7.6509140947289325,5.113072805571825,35.0,-39.9958,-10.7621,-4.6179
7.8147445035867324,5.227788092842035,35.0,-54.2118,-10.9847,-8.0606
7.97857491244453,5.342503380112244,35.0,-62.2902,-10.8261,-10.1595
8.14240532130233,5.457218667382453,35.0,-65.8748,-10.416,-11.2607
8.306235730160127,5.571933954652662,35.0,-66.247,-9.8547,-11.6344
8.470066139017925,5.686649241922871,35.0,-64.4134,-9.2113,-11.4977
8.633896547875725,5.801364529193081,35.0,-61.1864,-8.5334,-11.0299
8.797726956733522,5.91607981646329,35.0,-57.1992,-7.853,-10.3733
8.961557365591322,6.0307951037334995,35.0,-52.9074,-7.1933,-9.6302
9.12538777444912,6.145510391003708,35.0,-48.597,-6.5631,-8.8677
7.372368398600926,5.162187927159414,35.0,-23.265,-10.9139,-0.3593
7.536198807458724,5.276903214429623,35.0,-43.4534,-10.9559,-5.3854
7.700029216316524,5.391618501699833,35.0,-55.9714,-10.6743,-8.6557
7.863859625174321,5.506333788970042,35.0,-62.8796,-10.1902,-10.6248
8.027690034032121,5.621049076240252,35.0,-65.6702,-9.5851,-11.625
8.191520442889917,5.7357643635104605,35.0,-65.5198,-8.9229,-11.9185
8.355350851747716,5.850479650780669,35.0,-63.3612,-8.2412,-11.7197
8.519181260605516,5.965194938050879,35.0,-59.9662,-7.5671,-11.208
8.683011669463312,6.079910225321088,35.0,-55.9274,-6.9199,-10.5219
8.846842078321112,6.194625512591298,35.0,-51.6482,-6.3041,-9.76
9.01067248717891,6.3093407998615065,35.0,-47.4042,-5.7335,-8.9843
7.257653111330717,5.326018336017213,35.0,-27.281,-10.8675,-1.3865
7.421483520188515,5.4407336232874215,35.0,-45.662,-10.4874,-6.1718
7.585313929046315,5.555448910557631,35.0,-56.9262,-9.9413,-9.2609
7.749144337904112,5.67016419782784,35.0,-62.9648,-9.306,-11.0882
7.912974746761912,5.78487948509805,35.0,-65.166,-8.6306,-11.9762
8.076805155619708,5.899594772368259,35.0,-64.6228,-7.9502,-12.1806
8.240635564477506,6.0143100596384675,35.0,-62.2364,-7.2862,-11.916
8.404465973335306,6.129025346908677,35.0,-58.737,-6.6515,-11.3585
8.568296382193102,6.243740634178886,35.0,-54.6858,-6.0533,-10.6448
8.732126791050902,6.358455921449096,35.0,-50.4746,-5.5027,-9.8673
8.8959571999087,6.473171208719305,35.0,-46.3082,-4.9935,-9.0803
7.142937824060508,5.489848744875011,35.0,-30.0564,-10.2686,-2.3798
7.306768232918305,5.60456403214522,35.0,-47.1068,-9.6772,-6.9381
7.470598641776105,5.719279319415429,35.0,-57.4324,-9.0194,-9.8484
7.634429050633902,5.833994606685638,35.0,-62.8056,-8.3384,-11.5322
7.798259459491702,5.948709893955848,35.0,-64.5376,-7.663,-12.3029
7.962089868349499,6.063425181226057,35.0,-63.6786,-7.0115,-12.4139
8.125920277207298,6.178140468496266,35.0,-61.106,-6.39,-12.0815
8.289750686065098,6.2928557557664755,35.0,-57.5482,-5.8125,-11.4808
8.453581094922894,6.407571043036684,35.0,-53.5284,-5.2788,-10.7427
8.617411503780694,6.522286330306894,35.0,-49.3808,-4.7878,-9.9513
8.781241912638492,6.637001617577103,35.0,-45.3174,-4.3439,-9.1574
7.028222536790299,5.65367915373281,35.0,-31.9162,-9.4013,-3.2784
7.192052945648096,5.768394441003018,35.0,-48.0102,-8.7291,-7.638
7.355883354505896,5.883109728273228,35.0,-57.6508,-8.0474,-10.389
7.5197137633636935,5.997825015543437,35.0,-62.5032,-7.3796,-11.936
7.683544172221493,6.112540302813647,35.0,-63.8476,-6.7412,-12.5913
7.84737458107929,6.227255590083855,35.0,-62.7178,-6.1373,-12.6108
8.011204989937088,6.341970877354065,35.0,-60.01,-5.5786,-12.2132
8.175035398794888,6.456686164624275,35.0,-56.4266,-5.0637,-11.5748
8.338865807652684,6.5714014518944825,35.0,-52.4424,-4.5916,-10.8148
8.502696216510484,6.686116739164692,35.0,-48.3848,-4.167,-10.0127
8.666526625368283,6.800832026434902,35.0,-44.4342,-3.7857,-9.2157
6.913507249520089,5.817509562590608,35.0,-32.9612,-8.4362,-4.0222
7.077337658377886,5.932224849860817,35.0,-48.4388,-7.7596,-8.2299
7.241168067235686,6.046940137131027,35.0,-57.6096,-7.1024,-10.8512
7.404998476093484,6.161655424401236,35.0,-62.0768,-6.4778,-12.2803
7.568828884951284,6.276370711671445,35.0,-63.1026,-5.8921,-12.8296
7.73265929380908,6.391085998941654,35.0,-61.7684,-5.3528,-12.7657
7.896489702666878,6.505801286211863,35.0,-58.9564,-4.8562,-12.311
8.060320111524678,6.620516573482073,35.0,-55.3622,-4.4047,-11.6382
8.224150520382475,6.735231860752282,35.0,-51.4488,-3.9996,-10.8624
8.387980929240275,6.849947148022491,35.0,-47.4884,-3.6334,-10.0554
8.551811338098073,6.9646624352927,35.0,-43.6278,-3.3023,-9.2558
6.79879196224988,5.981339971448406,35.0,-33.207,-7.4743,-4.5646
6.962622371107678,6.096055258718615,35.0,-48.3598,-6.8309,-8.6745
7.1264527799654775,6.210770545988825,35.0,-57.2706,-6.2207,-11.2073
7.290283188823275,6.325485833259034,35.0,-61.491,-5.6557,-12.5449
7.454113597681075,6.4402011205292435,35.0,-62.2976,-5.1346,-13.0071
7.617944006538871,6.554916407799452,35.0,-60.8052,-4.6568,-12.8729
7.7817744153966695,6.669631695069661,35.0,-57.9406,-4.2253,-12.3725
7.9456048242544695,6.784346982339871,35.0,-54.3748,-3.8384,-11.6745
8.109435233112265,6.89906226961008,35.0,-50.5244,-3.4872,-10.8875
8.273265641970067,7.01377755688029,35.0,-46.6532,-3.1706,-10.078
8.437096050827865,7.128492844150498,35.0,-42.8914,-2.8877,-9.279
6.684076674979671,6.1451703803062045,35.0,-32.6248,-6.565,-4.8737
6.847907083837469,6.259885667576413,35.0,-47.7218,-5.9737,-8.9436
7.011737492695269,6.374600954846623,35.0,-56.5898,-5.4287,-11.4331
7.175567901553066,6.489316242116832,35.0,-60.6986,-4.9245,-12.7124
7.339398310410866,6.604031529387042,35.0,-61.3894,-4.4661,-13.1143
7.503228719268662,6.718746816657251,35.0,-59.832,-4.0548,-12.9306
7.667059128126461,6.8334621039274595,35.0,-56.9612,-3.6842,-12.3982
7.830889536984261,6.948177391197669,35.0,-53.4344,-3.348,-11.6846
7.994719945842057,7.062892678467878,35.0,-49.6616,-3.0458,-10.8925
8.158550354699857,7.177607965738088,35.0,-45.8944,-2.7774,-10.0849
8.322380763557655,7.292323253008297,35.0,-42.232,-2.5378,-9.2891
6.569361387709462,6.309000789164003,35.0,-31.209,-5.7341,-4.9352
6.733191796567259,6.423716076434212,35.0,-46.4952,-5.2074,-9.0201
6.897022205425059,6.538431363704421,35.0,-55.4876,-4.722,-11.5109
7.060852614282856,6.65314665097463,35.0,-59.6538,-4.2843,-12.7713
7.224683023140656,6.76786193824484,35.0,-60.361,-3.8917,-13.1444
7.388513431998453,6.882577225515049,35.0,-58.821,-3.5355,-12.9375
7.552343840856251,6.997292512785258,35.0,-55.9876,-3.2138,-12.39
7.716174249714051,7.112007800055467,35.0,-52.5364,-2.9266,-11.6708
7.880004658571847,7.226723087325676,35.0,-48.868,-2.6714,-10.8813
8.043835067429647,7.341438374595886,35.0,-45.1882,-2.4419,-10.0761
8.207665476287445,7.456153661866095,35.0,-41.6024,-2.2306,-9.2853
6.454646100439253,6.472831198021801,35.0,-28.9902,-4.9935,-4.7508
6.61847650929705,6.587546485292011,35.0,-44.6578,-4.5295,-8.8997
6.78230691815485,6.70226177256222,35.0,-53.9548,-4.1112,-11.4331
6.946137327012647,6.816977059832428,35.0,-58.3266,-3.7349,-12.7142
7.109967735870447,6.931692347102638,35.0,-59.1672,-3.3938,-13.0949
7.273798144728244,7.046407634372848,35.0,-57.7374,-3.0865,-12.8911
7.437628553586042,7.161122921643056,35.0,-55.0236,-2.8144,-12.3487
7.601458962443842,7.275838208913266,35.0,-51.6796,-2.5698,-11.635
7.765289371301638,7.390553496183475,35.0,-48.1078,-2.3491,-10.8524
7.929119780159438,7.505268783453685,35.0,-44.5148,-2.1478,-10.0548
8.092950189017236,7.619984070723893,35.0,-41.0166,-1.9691,-9.2696
6.339930813169043,6.636661606879599,35.0,-26.033,-4.3439,-4.3363
6.50376122202684,6.751376894149809,35.0,-42.247,-3.9463,-8.5886
6.66759163088464,6.866092181420019,35.0,-51.9756,-3.5844,-11.2017
6.831422039742438,6.980807468690227,35.0,-56.6952,-3.259,-12.5443
6.995252448600238,7.095522755960436,35.0,-57.805,-2.9661,-12.9682
7.159082857458034,7.210238043230646,35.0,-56.5974,-2.7059,-12.7964
7.322913266315832,7.324953330500854,35.0,-54.0524,-2.4732,-12.2765
7.486743675173632,7.439668617771064,35.0,-50.8392,-2.26,-11.5798
7.650574084031429,7.5543839050412736,35.0,-47.3816,-2.0688,-10.811
7.814404492889229,7.669099192311483,35.0,-43.89,-1.8982,-10.0234
7.978234901747027,7.783814479581691,35.0,-40.471,-1.7439,-9.2458
6.225215525898834,6.800492015737398,35.0,-22.4536,-3.787,-3.7199
6.3890459347566315,6.915207303007607,35.0,-39.3048,-3.4408,-8.1058
6.5528763436144315,7.029922590277817,35.0,-49.5876,-3.1292,-10.8323
6.716706752472229,7.144637877548026,35.0,-54.7762,-2.8501,-12.269
6.880537161330029,7.2593531648182354,35.0,-56.295,-2.6037,-12.7719
7.044367570187825,7.374068452088444,35.0,-55.3908,-2.3798,-12.6578
7.208197979045623,7.488783739358653,35.0,-53.068,-2.1754,-12.1793
7.372028387903423,7.603499026628863,35.0,-50.0218,-1.9929,-11.509
7.53585879676122,7.718214313899072,35.0,-46.6918,-1.8305,-10.7577
7.69968920561902,7.8329296011692815,35.0,-43.2928,-1.6812,-9.9826
7.863519614476818,7.94764488843949,35.0,-39.9394,-1.5445,-9.2126
8.437090251318498,3.9465818236933066,40.0,108.276,33.1994,10.4693
8.590299139942292,4.075139345630613,40.0,46.9678,17.5917,2.9461
8.743508028566088,4.203696867567922,40.0,4.0236,6.5318,-2.26
8.896716917189885,4.33225438950523,40.0,-24.8526,-1.0397,-5.6933
9.04992580581368,4.460811911442538,40.0,-43.1188,-5.9398,-7.8098
9.203134694437475,4.589369433379845,40.0,-53.7192,-8.8984,-8.9806
9.356343583061271,4.717926955317153,40.0,-58.9,-10.4806,-9.4847
9.509552471685067,4.846484477254461,40.0,-60.346,-11.1334,-9.5198
9.662761360308862,4.9750419991917685,40.0,-59.2866,-11.1729,-9.2352
9.815970248932658,5.103599521129078,40.0,-56.6688,-10.8236,-8.7554
9.969179137556454,5.232157043066384,40.0,-53.1824,-10.2454,-8.1729
8.30853272938119,4.099790712317102,40.0,74.4884,15.1568,11.0437
8.461741618004984,4.228348234254408,40.0,22.5502,4.8349,3.2201
8.61495050662878,4.3569057561917175,40.0,-13.1176,-2.1616,-2.1986
8.768159395252576,4.485463278129025,40.0,-36.39,-6.639,-5.778
8.921368283876372,4.614020800066333,40.0,-50.5534,-9.2935,-7.9916
9.074577172500167,4.742578322003641,40.0,-58.2228,-10.6662,-9.2226
9.227786061123963,4.871135843940948,40.0,-61.3956,-11.1816,-9.7581
9.380994949747759,4.999693365878256,40.0,-61.4712,-11.1302,-9.8027
9.534203838371553,5.128250887815564,40.0,-59.5082,-10.7257,-9.5142
9.68741272699535,5.256808409752873,40.0,-56.3202,-10.1175,-9.0213
9.840621615619146,5.385365931690179,40.0,-52.485,-9.4013,-8.4206
8.179975207443881,4.252999600940898,40.0,51.9846,3.2615,11.3654
8.333184096067676,4.381557122878204,40.0,6.9406,-3.1919,3.3311
8.486392984691474,4.510114644815513,40.0,-23.4694,-7.2699,-2.2324
8.639601873315268,4.638672166752821,40.0,-42.9482,-9.6421,-5.916
8.792810761939066,4.767229688690129,40.0,-54.4514,-10.8211,-8.2023
8.94601965056286,4.895787210627436,40.0,-60.3248,-11.208,-9.4772
9.099228539186655,5.024344732564744,40.0,-62.2836,-11.075,-10.0334
9.252437427810452,5.152902254502052,40.0,-61.5664,-10.621,-10.0811
9.405646316434247,5.281459776439359,40.0,-59.1056,-9.9864,-9.7832
9.558855205058041,5.410017298376669,40.0,-55.609,-9.2577,-9.2734
9.712064093681839,5.5385748203139755,40.0,-51.607,-8.4983,-8.6526
8.051417685506573,4.406208489564693,40.0,37.3484,-4.1344,11.4043
8.20462657413037,4.534766011502,40.0,-2.6436,-7.8386,3.2584
8.357835462754165,4.663323533439309,40.0,-29.408,-9.9456,-2.3792
8.51104435137796,4.791881055376616,40.0,-46.367,-10.9465,-6.1185
8.664253240001758,4.9204385773139245,40.0,-56.2162,-11.2155,-8.4463
8.817462128625552,5.048996099251232,40.0,-61.0022,-11.0073,-9.7469
8.970671017249346,5.177553621188539,40.0,-62.2638,-10.5107,-10.3106
9.123879905873144,5.306111143125848,40.0,-61.1048,-9.851,-10.3507
9.277088794496938,5.434668665063155,40.0,-58.3822,-9.1141,-10.0385
9.430297683120735,5.563226187000464,40.0,-54.7388,-8.3522,-9.5086
9.58350657174453,5.691783708937771,40.0,-50.684,-7.6028,-8.8696
7.922860163569266,4.559417378188488,40.0,27.8968,-8.351,11.1497
8.076069052193061,4.687974900125795,40.0,-8.452,-10.2096,2.9918
8.229277940816857,4.816532422063104,40.0,-32.6892,-11.0456,-2.6495
8.382486829440651,4.9450899440004115,40.0,-47.991,-11.2067,-6.3944
8.53569571806445,5.07364746593772,40.0,-56.7802,-10.9295,-8.7303
8.688904606688244,5.202204987875027,40.0,-60.9132,-10.3934,-10.0316
8.842113495312038,5.330762509812335,40.0,-61.7772,-9.713,-10.5878
8.995322383935836,5.459320031749643,40.0,-60.3824,-8.968,-10.6116
9.14853127255963,5.58787755368695,40.0,-57.5254,-8.2067,-10.278
9.301740161183426,5.7164350756242595,40.0,-53.8354,-7.4617,-9.728
9.454949049807222,5.844992597561566,40.0,-49.776,-6.7538,-9.0671
7.794302641631957,4.7126262668122845,40.0,21.5606,-10.4367,10.6085
7.947511530255753,4.841183788749591,40.0,-12.1092,-11.1202,2.5328
8.100720418879549,4.9697413106869,40.0,-34.5352,-11.181,-3.0433
8.253929307503345,5.098298832624208,40.0,-48.6684,-10.8418,-6.7462
8.407138196127141,5.226856354561516,40.0,-56.7642,-10.2717,-9.0552
8.560347084750935,5.355413876498823,40.0,-60.484,-9.5732,-10.3344
8.713555973374731,5.483971398436131,40.0,-61.1062,-8.8219,-10.8656
8.866764861998528,5.612528920373439,40.0,-59.5774,-8.0625,-10.8631
9.019973750622322,5.741086442310746,40.0,-56.654,-7.3232,-10.5019
9.173182639246118,5.869643964248056,40.0,-52.9538,-6.6233,-9.9268
9.326391527869914,5.998201486185362,40.0,-48.933,-5.9737,-9.2464
7.66574511969465,4.86583515543608,40.0,16.8826,-11.1729,9.8071
7.818954008318445,4.994392677373386,40.0,-14.7014,-11.1409,1.8951
7.972162896942241,5.122950199310695,40.0,-35.7218,-10.7471,-3.5569
8.125371785566037,5.251507721248003,40.0,-48.9794,-10.1457,-7.172
8.278580674189833,5.380065243185311,40.0,-56.5408,-9.4314,-9.4195
8.431789562813627,5.5086227651226185,40.0,-59.9636,-8.677,-10.6524
8.584998451437423,5.637180287059926,40.0,-60.3988,-7.9176,-11.1409
8.73820734006122,5.765737808997234,40.0,-58.772,-7.1858,-11.1001
8.891416228685014,5.894295330934542,40.0,-55.8148,-6.4948,-10.7063
9.044625117308811,6.022852852871851,40.0,-52.135,-5.8551,-10.1062
9.197834005932606,6.151410374809157,40.0,-48.1704,-5.2738,-9.4057
7.537187597757342,5.019044044059876,40.0,12.982,-11.0876,8.7893
7.690396486381138,5.147601565997182,40.0,-16.8624,-10.6436,1.1062
7.843605375004934,5.2761590879344915,40.0,-36.7236,-10.014,-4.1739
7.996814263628728,5.404716609871799,40.0,-49.233,-9.2891,-7.6637
8.150023152252526,5.533274131809107,40.0,-56.3378,-8.5297,-9.8196
8.30323204087632,5.661831653746415,40.0,-59.4758,-7.7747,-10.9816
8.456440929500115,5.790389175683722,40.0,-59.7466,-7.0497,-11.4118
8.609649818123913,5.91894669762103,40.0,-58.022,-6.3668,-11.3221
8.762858706747707,6.047504219558338,40.0,-55.046,-5.7404,-10.8913
8.916067595371503,6.176061741495647,40.0,-51.3888,-5.1672,-10.2636
9.0692764839953,6.304619263432953,40.0,-47.4706,-4.6467,-9.5443
7.408630075820034,5.172252932683671,40.0,9.4026,-10.5345,7.6179
7.5618389644438295,5.3008104546209776,40.0,-18.9404,-9.8804,0.2051
7.715047853067626,5.429367976558287,40.0,-37.7632,-9.1442,-4.8687
7.868256741691421,5.557925498495594,40.0,-49.5876,-8.3842,-8.2048
8.021465630315218,5.686483020432902,40.0,-56.2486,-7.6323,-10.246
8.174674518939012,5.81504054237021,40.0,-59.097,-6.9143,-11.3171
8.327883407562808,5.943598064307517,40.0,-59.181,-6.2427,-11.6739
8.481092296186604,6.0721555862448255,40.0,-57.3584,-5.6262,-11.5265
8.634301184810399,6.200713108182133,40.0,-54.3462,-5.0631,-11.055
8.787510073434195,6.329270630119442,40.0,-50.7066,-4.5539,-10.3997
8.940718962057991,6.457828152056749,40.0,-46.8586,-4.1049,-9.6622
7.280072553882727,5.325461821307467,40.0,5.9762,-9.7431,6.3656
7.433281442506521,5.454019343244774,40.0,-21.0188,-8.9994,-0.755
7.586490331130317,5.582576865182083,40.0,-38.9098,-8.2387,-5.6081
7.7396992197541135,5.71113438711939,40.0,-50.088,-7.4918,-8.7761
7.89290810837791,5.8396919090566985,40.0,-56.3028,-6.7826,-10.6844
8.046116997001704,5.968249430994006,40.0,-58.8372,-6.1198,-11.6494
8.1993258856255,6.096806952931313,40.0,-58.7144,-5.514,-11.9216
8.352534774249296,6.225364474868622,40.0,-56.7614,-4.9615,-11.7096
8.50574366287309,6.353921996805929,40.0,-53.7052,-4.463,-11.1948
8.658952551496887,6.482479518743238,40.0,-50.1022,-4.0247,-10.5132
8.812161440120683,6.611037040680545,40.0,-46.298,-3.629,-9.76
7.151515031945419,5.478670709931262,40.0,2.7554,-8.8539,5.1158
7.304723920569214,5.607228231868569,40.0,-23.0456,-8.0926,-1.7151
7.45793280919301,5.735785753805878,40.0,-40.1114,-7.3533,-6.3512
7.611141697816805,5.8643432757431855,40.0,-50.6966,-6.6509,-9.3487
7.764350586440602,5.992900797680494,40.0,-56.4758,-5.9987,-11.1196
7.9175594750643965,6.121458319617801,40.0,-58.6844,-5.4036,-11.9693
8.070768363688192,6.250015841555109,40.0,-58.3156,-4.8606,-12.1486
8.22397725231199,6.378573363492417,40.0,-56.2312,-4.3752,-11.8702
8.377186140935784,6.507130885429724,40.0,-53.1368,-3.9456,-11.3114
8.530395029559578,6.6356884073670335,40.0,-49.535,-3.5581,-10.6047
8.683603918183376,6.76424592930434,40.0,-45.78,-3.2132,-9.8384
7.02295751000811,5.6318795985550585,40.0,-0.1068,-7.9484,3.9475
7.176166398631906,5.760437120492365,40.0,-24.9006,-7.2153,-2.6175
7.3293752872557025,5.888994642429674,40.0,-41.2586,-6.5211,-7.0541
7.482584175879497,6.017552164366982,40.0,-51.3336,-5.8808,-9.893
7.635793064503295,6.14610968630429,40.0,-56.704,-5.2964,-11.5278
7.789001953127089,6.274667208241597,40.0,-58.575,-4.7621,-12.2627
7.942210841750883,6.403224730178905,40.0,-57.9806,-4.2893,-12.3505
8.095419730374681,6.531782252116213,40.0,-55.761,-3.8679,-12.0063
8.248628618998476,6.66033977405352,40.0,-52.5966,-3.4885,-11.4049
8.401837507622272,6.78889729599083,40.0,-49.0046,-3.1511,-10.6756
8.555046396246068,6.917454817928136,40.0,-45.2972,-2.8514,-9.8986
6.894399988070803,5.785088487178854,40.0,-2.398,-7.0786,2.9398
7.047608876694598,5.91364600911616,40.0,-26.3892,-6.3944,-3.4001
7.200817765318394,6.042203531053469,40.0,-42.2296,-5.7648,-7.675
7.3540266539421895,6.170761052990777,40.0,-51.8956,-5.1898,-10.379
7.5072355425659865,6.299318574928085,40.0,-56.9084,-4.6674,-11.8934
7.660444431189781,6.4278760968653925,40.0,-58.4884,-4.2046,-12.5198
7.813653319813576,6.5564336188027,40.0,-57.6608,-3.792,-12.5192
7.966862208437373,6.684991140740008,40.0,-55.2932,-3.4208,-12.1129
8.120071097061167,6.813548662677316,40.0,-52.09,-3.0922,-11.4764
8.273279985684963,6.942106184614625,40.0,-48.504,-2.7968,-10.7276
8.42648887430876,7.070663706551931,40.0,-44.847,-2.5385,-9.9425
6.7658424661334955,5.938297375802649,40.0,-3.9256,-6.2684,2.1528
6.91905135475729,6.0668548977399555,40.0,-27.3626,-5.6507,-4.0153
7.072260243381086,6.195412419677265,40.0,-42.8666,-5.0851,-8.1741
7.225469132004882,6.323969941614572,40.0,-52.2604,-4.5734,-10.7784
7.378678020628678,6.45252746355188,40.0,-57.0138,-4.1219,-12.1925
7.5318869092524725,6.581084985489188,40.0,-58.3368,-3.7174,-12.7255
7.685095797876269,6.709642507426495,40.0,-57.3058,-3.3549,-12.649
7.838304686500065,6.8382000293638034,40.0,-54.8264,-3.032,-12.1906
7.991513575123859,6.966757551301111,40.0,-51.5832,-2.7448,-11.5234
8.144722463747655,7.09531507323842,40.0,-48.0212,-2.4914,-10.7596
8.297931352371451,7.2238725951757266,40.0,-44.4028,-2.2638,-9.9688
6.637284944196187,6.091506264426445,40.0,-4.5588,-5.5378,1.6292
6.790493832819982,6.220063786363752,40.0,-27.6808,-4.9822,-4.4291
6.9437027214437785,6.348621308301061,40.0,-43.0408,-4.4824,-8.519
7.096911610067574,6.477178830238368,40.0,-52.3308,-4.0416,-11.0619
7.250120498691371,6.6057363521756765,40.0,-56.9172,-3.6446,-12.407
7.403329387315165,6.734293874112984,40.0,-58.0598,-3.2903,-12.8698
7.55653827593896,6.862851396050291,40.0,-56.887,-2.9749,-12.7343
7.709747164562757,6.9914089179876,40.0,-54.3348,-2.6934,-12.237
7.862956053186552,7.119966439924907,40.0,-51.0878,-2.4469,-11.5485
8.016164941810349,7.248523961862216,40.0,-47.5484,-2.2224,-10.7759
8.169373830434143,7.377081483799523,40.0,-43.9702,-2.0211,-9.982
6.508727422258879,6.24471515305024,40.0,-4.1966,-4.8825,1.3921
6.661936310882675,6.373272674987547,40.0,-27.2772,-4.394,-4.6223
6.815145199506471,6.501830196924856,40.0,-42.69,-3.962,-8.6915
6.9683540881302655,6.630387718862163,40.0,-51.992,-3.5738,-11.2111
7.121562976754063,6.758945240799472,40.0,-56.5372,-3.2276,-12.5205
7.274771865377858,6.887502762736779,40.0,-57.6032,-2.9178,-12.9419
7.427980754001652,7.0160602846740865,40.0,-56.3828,-2.6438,-12.7738
7.58118964262545,7.144617806611395,40.0,-53.818,-2.4024,-12.2533
7.734398531249244,7.273175328548702,40.0,-50.5762,-2.1823,-11.5529
7.88760741987304,7.401732850486011,40.0,-47.0808,-1.986,-10.7772
8.040816308496836,7.530290372423318,40.0,-43.5576,-1.811,-9.9839
6.3801699003215715,6.397924041674036,40.0,-2.8206,-4.3075,1.4486
6.533378788945367,6.526481563611343,40.0,-26.1096,-3.8854,-4.5847
6.686587677569163,6.655039085548652,40.0,-41.7264,-3.5042,-8.6795
6.839796566192958,6.7835966074859595,40.0,-51.1818,-3.1649,-11.213
6.993005454816755,6.912154129423268,40.0,-55.8208,-2.862,-12.5242
7.146214343440549,7.040711651360575,40.0,-56.9486,-2.5955,-12.9394
7.299423232064345,7.169269173297883,40.0,-55.771,-2.3591,-12.7632
7.452632120688142,7.297826695235191,40.0,-53.2448,-2.1434,-12.2395
7.605841009311936,7.426384217172498,40.0,-50.0542,-1.9515,-11.5378
7.759049897935732,7.5549417391098075,40.0,-46.6194,-1.7791,-10.7653
7.912258786559528,7.683499261047114,40.0,-43.1536,-1.6254,-9.9757
6.251612378384264,6.551132930297832,40.0,-0.4714,-3.8089,1.7866
6.404821267008058,6.679690452235138,40.0,-24.1844,-3.4358,-4.3282
6.5580301556318545,6.808247974172447,40.0,-40.1438,-3.1041,-8.4839
6.711239044255651,6.936805496109755,40.0,-49.885,-2.8087,-11.0669
6.864447932879447,7.065363018047063,40.0,-54.7626,-2.5485,-12.4164
7.017656821503241,7.19392053998437,40.0,-56.072,-2.3152,-12.8604
7.170865710127037,7.322478061921678,40.0,-55.027,-2.1039,-12.7048
7.324074598750833,7.451035583858986,40.0,-52.624,-1.917,-12.1975
7.477283487374628,7.5795931057962935,40.0,-49.5264,-1.749,-11.5071
7.630492375998424,7.708150627733603,40.0,-46.1612,-1.5978,-10.7414
7.78370126462222,7.836708149670909,40.0,-42.7502,-1.4599,-9.9576
6.123054856446956,6.704341818921628,40.0,2.808,-3.3694,2.3867
6.276263745070751,6.832899340858934,40.0,-21.5454,-3.0445,-3.8641
6.429472633694547,6.961456862796243,40.0,-37.984,-2.7554,-8.1183
6.582681522318342,7.090014384733551,40.0,-48.1294,-2.5015,-10.7816
6.735890410942139,7.218571906670859,40.0,-53.3552,-2.2738,-12.2019
6.889099299565934,7.3471294286081665,40.0,-54.9694,-2.0663,-12.7092
7.042308188189729,7.475686950545474,40.0,-54.1768,-1.8832,-12.6026
7.195517076813526,7.604244472482782,40.0,-51.9504,-1.7182,-12.1285
7.34872596543732,7.73280199442009,40.0,-48.9744,-1.5696,-11.4588
7.501934854061116,7.861359516357399,40.0,-45.696,-1.4354,-10.7063
7.6551437426849125,7.989917038294705,40.0,-42.35,-1.315,-9.93
5.994497334509648,6.857550707545423,40.0,6.8928,-2.9862,3.2163
6.147706223133444,6.9861082294827295,40.0,-18.2836,-2.704,-3.2189
6.30091511175724,7.114665751420039,40.0,-35.329,-2.4563,-7.6041
6.454124000381035,7.243223273357346,40.0,-45.962,-2.2318,-10.3746
6.607332889004832,7.371780795294654,40.0,-51.647,-2.0293,-11.8971
6.760541777628626,7.500338317231962,40.0,-53.679,-1.8499,-12.4948
6.9137506662524215,7.628895839169269,40.0,-53.2212,-1.6888,-12.4609
7.0669595548762185,7.7574533611065775,40.0,-51.2256,-1.5426,-12.0351
7.220168443500013,7.886010883043885,40.0,-48.4088,-1.411,-11.3967
7.373377332123809,8.014568404981194,40.0,-45.2256,-1.2918,-10.6605
7.526586220747605,8.1431259269185,40.0,-41.9472,-1.1852,-9.8942
5.86593981257234,7.010759596169219,40.0,11.615,-2.6545,4.231
6.019148701196135,7.139317118106526,40.0,-14.5236,-2.4118,-2.425
6.172357589819931,7.267874640043835,40.0,-32.2638,-2.1917,-6.9701
6.325566478443727,7.396432161981142,40.0,-43.4862,-1.9935,-9.8748
6.478775367067524,7.5249896839184505,40.0,-49.7218,-1.8179,-11.5215
6.631984255691318,7.653547205855758,40.0,-52.2418,-1.6593,-12.2308
6.785193144315113,7.782104727793065,40.0,-52.1726,-1.5169,-12.2847
6.93840203293891,7.910662249730374,40.0,-50.4566,-1.3877,-11.9203
7.091610921562705,8.03921977166768,40.0,-47.8218,-1.2705,-11.3202
7.244819810186501,8.16777729360499,40.0,-44.7528,-1.1658,-10.6053
7.398028698810297,8.296334815542297,40.0,-41.5386,-1.0711,-9.8491
5.737382290635033,7.163968484793014,40.0,16.7682,-2.3679,5.376
5.890591179258827,7.292526006730321,40.0,-10.417,-2.1509,-1.5288
6.043800067882623,7.42108352866763,40.0,-28.9364,-1.9578,-6.2552
6.197008956506419,7.549641050604937,40.0,-40.8212,-1.786,-9.3123
6.350217845130215,7.678198572542246,40.0,-47.6526,-1.6311,-11.0976
6.50342673375401,7.806756094479553,40.0,-50.704,-1.4912,-11.9304
6.656635622377806,7.9353136164168605,40.0,-51.0562,-1.3639,-12.0821
6.809844511001602,8.06387113835417,40.0,-49.6492,-1.2498,-11.7874
6.963053399625396,8.192428660291476,40.0,-47.2148,-1.1476,-11.2299
7.116262288249192,8.320986182228786,40.0,-44.2638,-1.0541,-10.5389
7.2694711768729885,8.449543704166093,40.0,-41.1234,-0.9689,-9.7964
5.608824768697724,7.3171773734168095,40.0,22.1174,-2.1127,6.5857
5.76203365732152,7.445734895354116,40.0,-6.1742,-1.9245,-0.5813
5.915242545945316,7.574292417291426,40.0,-25.5264,-1.7552,-5.504
6.068451434569111,7.702849939228733,40.0,-38.0982,-1.6035,-8.7228
6.221660323192908,7.831407461166041,40.0,-45.5342,-1.4649,-10.6511
6.374869211816702,7.959964983103349,40.0,-49.115,-1.3413,-11.6081
6.5280781004404975,8.088522505040656,40.0,-49.9074,-1.2297,-11.862
6.6812869890642945,8.217080026977964,40.0,-48.8114,-1.1281,-11.6388
6.834495877688089,8.345637548915272,40.0,-46.5804,-1.0372,-11.1265
6.987704766311885,8.47419507085258,40.0,-43.7546,-0.9525,-10.4624
7.140913654935681,8.602752592789887,40.0,-40.6906,-0.8779,-9.7337
6.3639610306789285,6.363961030678928,45.0,8.9838,-3.6001,4.046
6.505382386916237,6.505382386916236,45.0,-17.2752,-3.222,-2.7078
6.646803743153548,6.646803743153546,45.0,-35.354,-2.8852,-7.3959
6.788225099390856,6.788225099390855,45.0,-46.885,-2.5993,-10.4216
6.929646455628166,6.929646455628165,45.0,-53.1672,-2.3416,-12.121
7.0710678118654755,7.071067811865475,45.0,-55.4826,-2.1083,-12.8165
7.212489168102785,7.212489168102784,45.0,-55.0936,-1.9076,-12.8196
7.353910524340095,7.353910524340094,45.0,-53.0554,-1.7289,-12.3994
7.495331880577404,7.495331880577403,45.0,-50.1234,-1.5633,-11.7492
7.636753236814714,7.636753236814713,45.0,-46.8258,-1.4197,-10.9966
7.778174593052023,7.778174593052022,45.0,-43.4312,-1.2912,-10.2122
6.222539674441619,6.505382386916237,45.0,10.3596,-3.222,4.2009
6.363961030678928,6.646803743153545,45.0,-16.13,-2.8852,-2.5899
6.505382386916239,6.788225099390855,45.0,-34.3986,-2.5993,-7.3
6.646803743153547,6.9296464556281645,45.0,-46.0536,-2.3416,-10.3426
6.788225099390857,7.071067811865475,45.0,-52.4574,-2.1083,-12.0602
6.929646455628166,7.212489168102784,45.0,-54.908,-1.9076,-12.7732
7.0710678118654755,7.353910524340093,45.0,-54.6258,-1.7289,-12.792
7.212489168102786,7.495331880577403,45.0,-52.6566,-1.5633,-12.3825
7.353910524340095,7.636753236814712,45.0,-49.7958,-1.4197,-11.7391
7.495331880577405,7.7781745930520225,45.0,-46.544,-1.2912,-10.9904
7.636753236814714,7.919595949289331,45.0,-43.1762,-1.1739,-10.2071
6.081118318204309,6.646803743153547,45.0,12.8568,-2.8852,4.6568
6.2225396744416175,6.788225099390855,45.0,-14.1686,-2.5993,-2.2425
6.3639610306789285,6.929646455628165,45.0,-32.7544,-2.3416,-7.0178
6.505382386916237,7.071067811865475,45.0,-44.6614,-2.1083,-10.1112
6.646803743153547,7.212489168102785,45.0,-51.336,-1.9076,-11.8802
6.788225099390856,7.353910524340094,45.0,-54.039,-1.7289,-12.6453
6.929646455628165,7.495331880577403,45.0,-53.9686,-1.5633,-12.7105
7.0710678118654755,7.636753236814713,45.0,-52.1714,-1.4197,-12.333
7.212489168102785,7.7781745930520225,45.0,-49.4236,-1.2912,-11.7103
7.353910524340095,7.919595949289333,45.0,-46.2314,-1.1739,-10.9709
7.495331880577404,8.06101730552664,45.0,-42.9104,-1.0698,-10.1927
5.939696961967,6.788225099390856,45.0,16.3682,-2.5993,5.3917
6.081118318204308,6.9296464556281645,45.0,-11.398,-2.3416,-1.6787
6.222539674441619,7.071067811865475,45.0,-30.4742,-2.1083,-6.5644
6.363961030678928,7.212489168102784,45.0,-42.7876,-1.9076,-9.7431
6.505382386916238,7.353910524340094,45.0,-49.8374,-1.7289,-11.5949
6.646803743153547,7.495331880577403,45.0,-52.9026,-1.5633,-12.444
6.788225099390856,7.636753236814712,45.0,-53.1546,-1.4197,-12.5788
6.929646455628166,7.7781745930520225,45.0,-51.5908,-1.2912,-12.2521
7.0710678118654755,7.919595949289332,45.0,-48.9906,-1.1739,-11.6607
7.212489168102786,8.061017305526642,45.0,-45.8956,-1.0698,-10.939
7.353910524340095,8.20243866176395,45.0,-42.6182,-0.9751,-10.167
5.798275605729691,6.929646455628165,45.0,20.7916,-2.3416,6.3687
5.939696961966999,7.071067811865474,45.0,-7.929,-2.1083,-0.9281
6.08111831820431,7.212489168102784,45.0,-27.6748,-1.9076,-5.9649
6.222539674441618,7.353910524340093,45.0,-40.5062,-1.7289,-9.2621
6.3639610306789285,7.495331880577403,45.0,-48.0238,-1.5633,-11.2243
6.505382386916238,7.636753236814712,45.0,-51.5518,-1.4197,-12.1781
6.646803743153547,7.778174593052022,45.0,-52.1952,-1.2912,-12.4032
6.788225099390857,7.919595949289332,45.0,-50.917,-1.1739,-12.1423
6.929646455628166,8.061017305526642,45.0,-48.5068,-1.0698,-11.5918
7.071067811865476,8.202438661763951,45.0,-45.5178,-0.9751,-10.8919
7.212489168102786,8.34386001800126,45.0,-42.3122,-0.8923,-10.1319
5.6568542494923815,7.0710678118654755,45.0,25.9262,-2.1083,7.5357
5.798275605729689,7.212489168102784,45.0,-3.938,-1.9076,-0.0307
5.939696961967,7.353910524340094,45.0,-24.4778,-1.7289,-5.255
6.081118318204309,7.495331880577403,45.0,-37.9226,-1.5633,-8.699
6.222539674441618,7.636753236814713,45.0,-46.0082,-1.4197,-10.7922
6.363961030678928,7.7781745930520225,45.0,-50.048,-1.2912,-11.8664
6.505382386916237,7.919595949289332,45.0,-51.1154,-1.1739,-12.1919
6.646803743153548,8.061017305526642,45.0,-50.162,-1.0698,-12.0056
6.788225099390857,8.202438661763951,45.0,-47.9634,-0.9751,-11.5033
6.929646455628166,8.34386001800126,45.0,-45.1038,-0.8923,-10.8298
7.0710678118654755,8.48528137423857,45.0,-41.9636,-0.8158,-10.083
5.515432893255071,7.212489168102785,45.0,31.47,-1.9076,8.8213
5.65685424949238,7.353910524340093,45.0,0.3798,-1.7289,0.9594
5.798275605729691,7.495331880577403,45.0,-21.0362,-1.5633,-4.4774
5.939696961966999,7.636753236814712,45.0,-35.1922,-1.4197,-8.0882
6.081118318204309,7.7781745930520225,45.0,-43.8824,-1.2912,-10.325
6.222539674441618,7.919595949289332,45.0,-48.4438,-1.1739,-11.524
6.363961030678928,8.06101730552664,45.0,-49.9588,-1.0698,-11.9548
6.505382386916238,8.202438661763951,45.0,-49.3382,-0.9751,-11.847
6.646803743153547,8.34386001800126,45.0,-47.369,-0.8923,-11.3961
6.788225099390857,8.48528137423857,45.0,-44.6424,-0.8158,-10.7527
6.929646455628166,8.626702730475879,45.0,-41.581,-0.7475,-10.0215
5.374011537017762,7.353910524340094,45.0,37.135,-1.7289,10.1482
5.5154328932550705,7.495331880577402,45.0,4.7974,-1.5633,1.981
5.6568542494923815,7.636753236814712,45.0,-17.5634,-1.4197,-3.681
5.79827560572969,7.778174593052022,45.0,-32.452,-1.2912,-7.4674
5.939696961967,7.919595949289332,45.0,-41.7414,-1.1739,-9.8484
6.081118318204309,8.061017305526642,45.0,-46.816,-1.0698,-11.1691
6.222539674441618,8.202438661763951,45.0,-48.7538,-0.9751,-11.7009
6.3639610306789285,8.34386001800126,45.0,-48.4626,-0.8923,-11.6695
6.505382386916238,8.48528137423857,45.0,-46.7144,-0.8158,-11.2707
6.646803743153548,8.62670273047588,45.0,-44.1294,-0.7475,-10.6586
6.788225099390857,8.768124086713188,45.0,-41.1496,-0.686,-9.9444
5.232590180780452,7.495331880577404,45.0,42.5906,-1.5633,11.4293
5.374011537017761,7.636753236814712,45.0,9.0378,-1.4197,2.9693
5.515432893255072,7.7781745930520225,45.0,-14.2388,-1.2912,-2.9141
5.65685424949238,7.919595949289332,45.0,-29.827,-1.1739,-6.8698
5.798275605729691,8.061017305526642,45.0,-39.6772,-1.0698,-9.3844
5.939696961967,8.202438661763951,45.0,-45.2094,-0.9751,-10.8148
6.081118318204309,8.34386001800126,45.0,-47.5294,-0.8923,-11.4362
6.222539674441618,8.48528137423857,45.0,-47.5372,-0.8158,-11.4764
6.363961030678928,8.626702730475879,45.0,-46.0034,-0.7475,-11.1271
6.505382386916239,8.76812408671319,45.0,-43.5576,-0.686,-10.5464
6.646803743153548,8.909545442950497,45.0,-40.6616,-0.6302,-9.8503
5.091168824543143,7.636753236814713,45.0,47.4934,-1.4197,12.5832
5.232590180780451,7.778174593052022,45.0,12.864,-1.2912,3.8616
5.374011537017762,7.919595949289332,45.0,-11.2174,-1.1739,-2.2174
5.5154328932550705,8.06101730552664,45.0,-27.4288,-1.0698,-6.3223
5.656854249492381,8.202438661763951,45.0,-37.7594,-0.9751,-8.9523
5.79827560572969,8.34386001800126,45.0,-43.6818,-0.8923,-10.4743
5.939696961966999,8.48528137423857,45.0,-46.3156,-0.8158,-11.171
6.081118318204309,8.62670273047588,45.0,-46.5802,-0.7475,-11.2713
6.222539674441618,8.76812408671319,45.0,-45.2432,-0.686,-10.9678
6.3639610306789285,8.909545442950499,45.0,-42.9268,-0.6302,-10.4166
6.505382386916238,9.050966799187808,45.0,-40.1174,-0.5801,-9.7393
4.949747468305834,7.7781745930520225,45.0,51.5556,-1.2912,13.5345
5.091168824543142,7.919595949289331,45.0,16.081,-1.1739,4.6072
5.232590180780453,8.061017305526642,45.0,-8.6564,-1.0698,-1.6292
5.374011537017761,8.202438661763951,45.0,-25.3558,-0.9751,-5.8514
5.515432893255071,8.34386001800126,45.0,-36.0538,-0.8923,-8.5673
5.656854249492381,8.48528137423857,45.0,-42.252,-0.8158,-10.1551
5.79827560572969,8.626702730475879,45.0,-45.1278,-0.7475,-10.9082
5.939696961967,8.76812408671319,45.0,-45.602,-0.686,-11.0575
6.081118318204309,8.909545442950499,45.0,-44.4292,-0.6302,-10.7922
6.222539674441619,9.050966799187808,45.0,-42.237,-0.5801,-10.2692
6.3639610306789285,9.192388155425117,45.0,-39.5118,-0.5343,-9.6108